query	img_url
nikolaus	https://bilder.t-online.de/b/82/85/69/34/id_82856934/c_Master-1-1-Large/tid_da/mann-als-bischof-von-myra-verkleidet-der-6-dezember-gilt-als-todestag-des-heiligen-nikolaus-.jpg
nikolaus	https://www.wn.de/var/storage/images/wn/startseite/muensterland/kreis-steinfurt/ochtrup/4055090-interview-mit-dem-nikolaus-gott-sei-dank-habe-ich-fleissige-helfer/112418543-10-ger-DE/Interview-mit-dem-Nikolaus-Gott-sei-Dank-habe-ich-fleissige-Helfer_image_1024_width.jpg
nikolaus	https://bistummainz.de/export/sites/bistum/pfarrei/buettelborn/.galleries/Bilder-Pfarrei-St.-Nikolaus-von-der-Fluee-Buettelborn-NEU/Kirchenjahr-Nikolaus.jpg_834412207.jpg
nikolaus	https://www.ideal-versicherung.de/magazin/wp-content/uploads/Nikolaus.jpg
nikolaus	https://www.merkur.de/bilder/2014/12/06/4513140/878532222-nikolaus-weihnachtsmann-MlX6Qsy7Jec.jpg
nikolaus	https://www.mein-oesterreich.info/brauchtum/bilder/Nikolaus.jpg
nikolaus	https://i.pinimg.com/originals/4d/d0/dc/4dd0dc616a7aa28e89ccdf8d31607baa.jpg
nikolaus	https://ais-akamai.rtl.de/masters/1532296/1686x0/fucbpy6q33nguj5xatnf67vgzy.jpg
nikolaus	https://www.voxnews.online/fileadmin/wp-upload/2019/12/Nikolaus-Knecht-Ruprecht.jpg
nikolaus	https://nikolausaktion.org/fileadmin/_processed_/1/0/csm_Steckbrief_55cd30d1de.jpg
nikolaus	https://cdn2.familie.de/b4/6f/b6/b9ae8326bf94a3213f0ccae9ef_YyAxMTg0eDU5Mis4KzQwAnJlIDk1MCA0NzUDYmZiZTJmYTEwYWU=_nikolaus-lieder-1200x800-235868.png
nikolaus	https://www.erzdioezese-wien.at/img/41/2b/6e43ff6ab9b02cafd7a7/Nikolaus_verteilt_Geschenke-goe_nikolaus3-ID25057.jpg
nikolaus	https://img.zeit.de/wissen/2009-12/nikolaus/nikolaus-540x304.jpg/imagegroup/wide__450x253__mobile
nikolaus	https://www.europark.at/assets/europark.at/news_events_aktion/_900x/Events_Details_Automatisiert_960x960Px_NikolausKrampus.jpg
nikolaus	https://www.heise.de/tp/imgs/89/2/7/9/8/5/3/8/nikolaus-5-ba1b64c6927979b9.gif
nikolaus	https://www.erzbistum-koeln.de/export/sites/ebkportal/.content/.galleries/magazin/nikolaus.jpg_689895137.jpg
nikolaus	https://www.ndr.de/geschichte/nikolaus100_v-quadratl.jpg
nikolaus	https://www.haz.de/var/storage/images/rnd/nachrichten/wissen/nikolaus-2018-was-genau-wird-heute-gefeiert/708987302-3-ger-DE/Nikolaus-2018-Was-genau-wird-heute-gefeiert_big_teaser_article.jpg
nikolaus	https://1000things.b-cdn.net/wp-content/uploads/2016/12/saint-nicholas-2958541_1920-1.jpg
nikolaus	https://www.sueddeutsche.de/image/sz.1.1038761/920x386?v=1527993272
nikolaus	https://www.wunschfee.com/uploads/media_files/picture/orig/159/15926_378_82f118ef4871b218c22aa3a68f2693770b319d03.jpg
nikolaus	https://images-tt-com.nmo.at/v2/assets.tt.com/im-content/images/b1d09134-2b35-51a4-95df-187e32bfbaef?p=eyJjcm9wIjp7InR5cGUiOiJwZXJjZW50IiwibGVmdCI6MCwidG9wIjowLCJ3aWR0aCI6MSwiaGVpZ2h0IjowLjg1NzE0Mjg1NzE0Mjg1NzF9LCJyZXNpemUiOnsid2lkdGgiOjg1OCwiaGVpZ2h0Ijo0ODMsImZpdCI6ImNvdmVyIn19
nikolaus	https://www.dw.com/image/18843409_401.jpg
nikolaus	https://www.alpenlaendische-spezialitaeten.tirol/blog/alpenstammtisch/wp-content/uploads/2016/11/2016-11-30-KrampusNikolaus.jpg
nikolaus	https://media04.meinbezirk.at/article/2020/11/30/3/25046363_L.jpg?1606760597
nikolaus	https://learnattack.de/journal/wp-content/uploads/2015/12/nikolaus-brauch-1024x683.jpg
nikolaus	https://m.faz.net/media1/ppmedia/aktuell/rhein-main/710723586/1.6519153/mmobject-still_full/von-drauss-vom-walde-kommt-er.jpg
nikolaus	https://images.derstandard.at/img/2016/12/07/nikolausArtikelbild001.jpg?w=750&s=c49ddc04
nikolaus	https://praxistipps-images.chip.de/0aQ3fpo4suYeLTdROXq8MXst1-I=/0x0/filters:format(jpeg):fill(fff,true):no_upscale()/contentlounge-s3.bf-contentlounge-production.aws.bfops.io%2Fstyles%2Fmanual_crop%2Fs3%2F2020-12%2F54675819.jpg
nikolaus	https://www.uni-hamburg.de/12178935/korn733-3c283c54876f3f96780051e6cd355512ddfe1439.jpg
nikolaus	https://www.lu-wi.at/wp-content/uploads/Nikolaus.png
nikolaus	https://www.zdf.de/assets/nikolaus-im-schnee-100~3840x2160?cb=1502374269983
nikolaus	https://www.merkur.de/bilder/2015/11/11/5849085/1250857749-nikolaus-2018-5w8YL3fXrea.jpg
nikolaus	https://www.ndr.de/geschichte/nikolaus100_v-contentxl.jpg
nikolaus	https://le-cdn.website-editor.net/737da8f8f27d46beaf448f9e3854dd4e/dms3rep/multi/opt/00-850e6eb3-640w.jpg
nikolaus	https://www.hohenems.at/website/uploads/images/07/369x369/nikolaus-3.jpg?v=2
nikolaus	https://ais-akamai.rtl.de/masters/1302068/1686x0/buc6zaxmu5us52ou4odinprzjm.jpg
nikolaus	https://www.br.de/interkulturell/sinterklaas100~_v-img__16__9__l_-1dc0e8f74459dd04c91a0d45af4972b9069f1135.jpg?version=eb312
nikolaus	http://www.wunschfee.com/uploads/media_files/picture/big/921/9217_607_a1cb0e548c6c7fce52e0e3adf15f14a2f5d5b98b.jpg
nikolaus	https://www.katholisch.at/img/d5/79/d51c2ab836faf9f1aa07/_Fairer_Nikolaus__der_Katholischen_M_nnerbewegung-asset-3d98dda8c6e845610a7b.jpg
nikolaus	https://aqqkowuysp.cloudimg.io/v7/_gp3_/multimedia/39/153/93/121344385041.jpg
nikolaus	https://www.mrshea.com/germusa/images/nikolaus.jpg
nikolaus	https://cdn.prod.www.spiegel.de/images/d5e8bfb4-0001-0004-0000-000001431527_w948_r1.77_fpx60.63_fpy53.jpg
nikolaus	https://www.edreams.de/blog/wp-content/uploads/sites/2/2012/11/nikolausstiefel-nikolaus-564x566.jpg
nikolaus	https://img.br.de/b516a6eb-ea56-4d21-844f-3942e86a247a.jpeg?q=80&rect=1481,257,2466,1388
nikolaus	https://static2.infranken.de/storage/image/4/6/9/9/3589964_artikel-detail-bild_1vOCyP_COSVFQ.jpg
nikolaus	https://www.erzbistum-koeln.de/export/sites/ebkportal/.content/.galleries/magazin/nikolaus-2.jpg_136089108.jpg
nikolaus	https://www.kirchenzeitung.at/storage/img/ed/3d/asset-aa3c3c57e3913c7525b4.jpg
nikolaus	https://aiswetter-a.akamaihd.net/masters/1523490/2582x1453/so-bringt-der-nikolaus-die-kinderaugen-2020-zum-strahlen.jpg
nikolaus	https://cf.katholisch.de/fotolia_30829326_ikone_heiliger_nikolaus_1900.jpg
krampus	https://www.muenchen.de/media/va-2017/krampus-2017/krampus3-2017.jpg
krampus	https://www.salzburg.info/01-das-ist-salzburg/0105-advent/image-thumb__38884__slider-main/krampus-christkindlmarkt-04.jpg
krampus	https://upload.wikimedia.org/wikipedia/commons/2/22/Krampus_at_Perchtenlauf_Klagenfurt.jpg
krampus	https://www.sn.at/wiki/images/thumb/1/1f/Krampuspercht.jpg/1200px-Krampuspercht.jpg
krampus	https://www.merkur.de/bilder/2019/12/09/13282878/797800462-krampus-bad-toelz-krampuslauf-fHqGYilec.jpg
krampus	https://www.eppan.com/images/content/1126344_51820_1_C_600_400_0_293331707/dsc-0119-001.jpg
krampus	https://upload.wikimedia.org/wikipedia/commons/thumb/e/e4/Krampus_Salzburg_5.jpg/1200px-Krampus_Salzburg_5.jpg
krampus	https://www.uebergossenealm.at/blog/wordpress/wp-content/uploads/2018/12/krampus-3009994_1920-1180x650.jpg
krampus	https://i.ytimg.com/vi/96xCHeWGbBA/maxresdefault.jpg
krampus	https://upload.wikimedia.org/wikipedia/commons/7/72/Krampus_Salzburg_with_bishop_and_angel.jpg
krampus	https://bilder.t-online.de/b/84/79/47/26/id_84794726/610/tid_da/krampus-unartige-kinder-kommen-der-sage-nach-in-die-butte-die-auf-dem-ruecken-der-schreckgestalt-befestigt-ist-.jpg
krampus	https://www.oebb.at/thumbnails/lokfinder.oebb.at/.imaging/default/dam/unsereoebb/gleisgeschichten/krampus/Ferlacher-Krampuszug-03457-2.jpg/jcr:content.jpg?t=1584098778078&scale=0.5
krampus	https://www.tips.at/image/thumb/news/798683/490786/800x800x0/1575388339.7773-wehe-wenn-sie-losgelassen-krampus-und-perchtenlauf-action-in-ansfelden.jpg
krampus	https://media04.meinbezirk.at/article/2019/12/13/4/22373814_L.jpg?1576230276
krampus	https://image.kurier.at/images/cfs_616w/4018308/46-151343886.jpg
krampus	https://www.mein-oesterreich.info/brauchtum/bilder/Krampus-01.jpg
krampus	https://www.sn.at/miss-brauchtum-was-darf-der-krampus-41-85666448.jpg/640x/79.105.126
krampus	https://1000things.b-cdn.net/wp-content/uploads/Krampus-Header-2000x1200.jpg
krampus	https://i.ytimg.com/vi/Yjp-a7DrcB8/maxresdefault.jpg
krampus	https://oekastatic.orf.at/mims/2020/44/13/crops/w=1280,q=90/736055_bigpicture_255513_image.jpg?s=b2e7f954b4101d40e522a632a4155452cb5e5c17
krampus	https://www.salzburg.info/01-das-ist-salzburg/0105-advent/3000x1000/image-thumb__38893__headerimage/krampus-christkindlmarkt-02.webp
krampus	https://www.mostviertel.at/images/illjhz9gyhk-/perchten-zu-besuch-in-der-kartause-gaming.jpeg
krampus	https://lp-cms-production.imgix.net/image_browser/Krampus-Day%201.jpg
krampus	https://assets.dolomitenstadt.at/wp-content/uploads/2020/11/krampus-tischziachn-lienz-2018-c-brunner-680x460.jpg
krampus	https://2qibqm39xjt6q46gf1rwo2g1-wpengine.netdna-ssl.com/wp-content/uploads/2019/12/19158606_web1_L1-191109-Oddmall-FS.jpg
krampus	https://www.wilderkaiser.info/blog/media/Titelbilder/2015-11-22-der-krampus-ist-los-1.jpg
krampus	https://www.lampenhaeusl.at/files/cto_layout/media/Blog/krampus/joc33iwhjoyh5isg3y4z.jpg
krampus	https://images-na.ssl-images-amazon.com/images/I/81vyoXNo0EL._SL1500_.jpg
krampus	https://api.steiermark.antenne.at/media/static/krampuso_HsYE_ihAb-gLVSbiP8d.jpg?size=large
krampus	https://www.weekend.at/sites/default/files/styles/media_image/public/2020-06/67205169-940Perchten_GettyImages-637148398_0.jpg?itok=kYCq78tA
krampus	https://news.usc.edu/files/2015/12/WEB_krampus_690.jpg
krampus	https://images-na.ssl-images-amazon.com/images/I/51FZsAAQueL._SY445_.jpg
krampus	https://blog.osttirol.com/wp-content/uploads/2018/11/Nikolaus_Krampus.jpg
krampus	https://throneandvine.com/wp-content/uploads/2018/12/krampus-saint-nicholas.jpg
krampus	https://media04.meinbezirk.at/article/2019/10/16/6/21560256_L.jpg?1571210733
krampus	https://shoppingnord.at/wp-content/uploads/2018/10/Nikolaus.jpg
krampus	https://image.kurier.at/images/cfs_landscape_616w_347h/3111220/46-87892439.jpg
krampus	https://www.blog.tirol/wp-content/uploads/2018/11/Uderns-Bernhard-Aichner.jpg
krampus	https://www.joglland-waldheimat.at/fileadmin/_processed_/7/6/csm_Rattener_Almteufel_mit_Nikolaus__c__Rattener_Almteufel_02a8382f21.jpg
krampus	https://bilder.t-online.de/b/84/79/47/38/id_84794738/610/tid_da/krampustage-der-barmherzige-nikolaus-verkoerpert-das-gute-sein-begeleiter-krampus-das-boese-.jpg
krampus	https://www.tips.at/image/thumb/news/779339/448058/800x800x0/1543420463.338-roman-salzer-ist-der-vielleicht-schoenste-krampus.jpg
krampus	https://heute-at-prod-images.imgix.net/2020/9/1/00eb865d-afc0-4acb-8bb8-cc1e057d4c2a.jpeg?rect=0%2C248%2C4000%2C2000&auto=format,compress&w=640
krampus	https://images.ichkoche.at/data/image/variations/496x384/3/krampus-gebaeck-rezept-img-28940.jpg
krampus	https://www.best-of-zillertal.at/fileadmin/userdaten/Blog/10-12_2018/Krampus_blog_fell.JPG
krampus	https://www.kronplatz.com/website/var/tmp/image-thumbnails/510000/519684/thumb__media-block-600/094_tvsand_krampus_-c-kottersteger_171208_di7r0472.jpeg
krampus	https://www.erzdioezese-wien.at/img/4f/a6/4ef89d20b2e22e8c2dc8/Krampus-krampus.jpg
krampus	https://www.salzburgerland.com/de/magazin/wp-content/uploads/2018/11/Klaus-der-kleine-Krampus-cover-2.jpg
krampus	https://i.pinimg.com/originals/4c/77/ff/4c77ffcc3c3aec818076b8edeb87ee08.jpg
person+in+winter	https://cdn.vox-cdn.com/thumbor/Xj6juzuNQ3fDxR7didkJ2oqW78o=/0x0:4154x2716/1200x800/filters:focal(1703x1181:2367x1845)/cdn.vox-cdn.com/uploads/chorus_image/image/68433360/GettyImages_636193958.0.jpg
person+in+winter	https://www.verywellhealth.com/thmb/8cP6aiXXou8anRg37FTGD9vz1p8=/5100x3400/filters:fill(87E3EF,1)/woman-with-arms-outstretched-in-snow-102284321-59cd219ad088c00011d8e08f.jpg
person+in+winter	https://cdn.pixabay.com/photo/2016/02/21/19/44/child-1214194_960_720.jpg
person+in+winter	https://cdn.pixabay.com/photo/2016/01/07/18/38/person-1126304_960_720.jpg
person+in+winter	https://imgix.bustle.com/uploads/image/2018/10/30/891df91f-b797-41f2-88dc-b9472349bf70-stocksy_txp15e83c35qh8200_small_470245.jpg?w=1020&h=574&fit=crop&crop=faces&auto=format%2Ccompress&cs=srgb&q=70
person+in+winter	https://thetempest.co/wp-content/uploads/2017/12/photo-1481642402406-b7fa896b3ef9.jpg
person+in+winter	https://cdn.pixabay.com/photo/2015/07/28/09/28/winter-864124_960_720.jpg
person+in+winter	https://www.uchicagomedicine.org/-/media/images/ucmc/forefront/universal-image/winter-snow-universal-image-832x469.jpg?h=385&as=1&hash=26880E05AC9D23D707BD7AB22D1F7335
person+in+winter	https://nexter.org/wp-content/uploads/2020/11/winter.jpg
person+in+winter	https://www.active.com/Assets/Nutrition/620/fueling-for-cold-weather-runs.jpg
person+in+winter	https://cdn-prod.medicalnewstoday.com/content/images/articles/182/182197/a-person-can-become-disoriented.jpg
person+in+winter	https://www.verywellmind.com/thmb/VlPsQNCXpqO51TzrGJlsy7qgSzo=/3000x2001/filters:fill(ABEAC3,1)/layered-winter-walking-Jordan-Siemens-Stone-GettyImages-160078245-572533cb3df78ced1fd29a0d.jpg
person+in+winter	https://upload.wikimedia.org/wikipedia/commons/7/7a/Fashion-man-person-winter_%2824031044330%29.jpg
person+in+winter	https://s27922.pcdn.co/wp-content/uploads/2014/12/16110411841_431cfef888_b.jpg.optimal.jpg
person+in+winter	https://www.immigrant-education.ca/wp-content/uploads/2017/09/daniel-silva-gaxiola-481043-unsplash-1200x600.jpg
person+in+winter	https://hips.hearstapps.com/cos.h-cdn.co/assets/14/29/nrm_1405527709-skiers.jpg
person+in+winter	https://img.huffingtonpost.com/asset/5b9e7e4724000051009580e9.jpeg?ops=scalefit_720_noupscale
person+in+winter	http://www.chicagonow.com/hippy-shakes/files/2019/12/dude.jpg
person+in+winter	https://www.apartments-obergurgl.at/typo3temp/assets/_processed_/c/9/csm_girls_istock_529483649_92302c0011.jpg
person+in+winter	https://www.mensjournal.com/wp-content/uploads/mf/_main_cold_0.jpg?w=1200&h=630&crop=1&quality=86&strip=all
person+in+winter	https://imgs.smoothradio.com/images/29289?crop=16_9&width=660&relax=1&signature=PRCbGl5t9Qu5zZOWA3k2dGoDZ94=
person+in+winter	https://thumbs-prod.si-cdn.com/1G0b-Xx9ZvZMc-QeTvT9frNNvkM=/420x240/https://public-media.si-cdn.com/filer/07/a3/07a31295-aab5-4d0b-9484-3838eb98e740/iced.jpeg
person+in+winter	https://assets.vogue.com/photos/5c4b5cb2d095602d0bb87ad8/master/w_2560%2Cc_limit/00-story-editors-winter-shoes.jpg
person+in+winter	https://hips.hearstapps.com/hmg-prod.s3.amazonaws.com/images/young-woman-jogging-in-winter-forest-royalty-free-image-962634300-1543593055.jpg?crop=1.00xw:0.751xh;0,0.0537xh&resize=640:*
person+in+winter	https://i1.wp.com/happiestoutdoors.ca/wp-content/uploads/2018/01/20170101-20170101-IMG_9927.jpg?fit=1048%2C682&ssl=1
person+in+winter	https://www.jack-wolfskin.com/dw/image/v2/AAQL_PRD/on/demandware.static/-/Sites-22021_HW20/default/dwc3d82284/large/everyday-winter-outfit-men.jpg?sw=1024&sh=1024&sm=fit&sfrm=jpg
person+in+winter	https://images.contentstack.io/v3/assets/blt45c082eaf9747747/blt69bf59ec0321edd0/5de0bac86058be017e1212bd/Header_training.jpg?format=pjpg&auto=webp&fit=crop&quality=76&width=1232&height=496
person+in+winter	http://images.agoramedia.com/wte3.0/gcms/Wardrobe-Staples-for-Winter-Pregnancies-01-722x406.jpg
person+in+winter	https://www.statnews.com/wp-content/uploads/2017/12/Boghosian_traininginsnow2_SPTS.jpg
person+in+winter	https://hips.hearstapps.com/hmg-prod.s3.amazonaws.com/images/winter-movies-1510775840.jpg
person+in+winter	https://www.ferienhotel-aussicht.at/andsrv/content/files/abm-www-ferienhotel-aussicht-at/resized/480x480m0.ski-short-trip-90.jpg
person+in+winter	https://www.health.harvard.edu/media/content/images/p6_Winter_MLDec18_gi922774874(1).jpg
person+in+winter	https://www.katschberg.at/assets/images/8/winteraktiv-b49316d1.jpg
person+in+winter	https://res-4.cloudinary.com/sharecare/image/upload/c_fill,f_auto,g_faces:center,h_340,w_600/v1511358886/slideshows/4-ways-winter-affects-your-diabetes-01
person+in+winter	https://static01.nyt.com/images/2020/11/22/multimedia/22ah-winterrunning/22ah-winterrunning-videoSixteenByNineJumbo1600.jpg
person+in+winter	https://www.kronelech.at/assets/images/2/LorraineShoot_Lech-Zuers-Toursimus_by_SeppMallaun-30_2000x1333px-46c380d2.jpg
person+in+winter	https://www.gannett-cdn.com/presto/2020/10/26/PDTF/5a47e93b-c31a-4636-a56d-c0cce71d3d56-102020_University_of_Michig.jpg?crop=2202,1405,x198,y195&width=660&height=422&format=pjpg&auto=webp
person+in+winter	https://images.simedia.cloud/cms-v2/CustomerData/721/Files/Images/aktivurlaub/winter/winterwandern.jpg/image.jpg?v=637242770681
person+in+winter	https://www.ontarioparks.com/parksblog/wp-content/uploads/2015/12/Arrowhead_Skating-825x510.jpg
person+in+winter	https://www.wallpaperup.com/uploads/wallpapers/2013/02/22/43089/89d0ac7b29a3a70028ebd517cc10796c.jpg
person+in+winter	https://www.gaspingerhof.com/wp-content/uploads/2020/10/winter-ski-paar-schnee3-640x640.jpg
person+in+winter	https://www.incimages.com/uploaded_files/image/1920x1080/getty_183322258_9709679704500365_50653.jpg
person+in+winter	https://sivantos-media.azureedge.net/signia2017/wp-content/uploads/sites/74/2018/12/Ears-Ring-Cold-Weather_Blogpost-1560x520.jpg
person+in+winter	https://i0.wp.com/post.healthline.com/wp-content/uploads/2019/11/Male_Outside_Winter_1296x728-header-1-1296x728.jpg?w=1155&h=1528
person+in+winter	https://www.travelers.com/iw-images/resources/Weather/Large/SnowShoveling_large_image.jpg
person+in+winter	https://cms.qz.com/wp-content/uploads/2016/01/rtr3bvtn.jpg?quality=75&strip=all&w=1600&h=900&crop=1
person+in+winter	https://www.viehhofen.at/user_upload/eisstockschiessen-gruppe.jpg
person+in+winter	https://www.familyaustria.at/wp-content/uploads/2020/08/ssps-wintervorschau20-21-creditsnowspacesalzburg10-scaled.jpg
sinterklaas	https://upload.wikimedia.org/wikipedia/commons/7/7d/Sinterklaas_2007.jpg
sinterklaas	https://images0.persgroep.net/rcs/lEUxObYIszp138vnGJQyOMBQTts/diocontent/160866677/_fitwidth/763?appId=93a17a8fd81db0de025c8abd1cca1279&quality=0.8
sinterklaas	https://d2e03lv76xdi59.cloudfront.net/photos/b6cee3d5-638b-447a-921e-b9b68837be8c/intocht-sinterklaas-2019_900x450x.jpg
sinterklaas	https://eenvandaag.assets.avrotros.nl/_processed_/c/1/csm_706df5972b8b10936cb0_96bd07b9da.jpg
sinterklaas	https://images0.persgroep.net/rcs/Ix4B_IPkYl8LDMVR7a543wnQmhc/diocontent/178545464/_fitwidth/763?appId=93a17a8fd81db0de025c8abd1cca1279&quality=0.8
sinterklaas	https://static.arenalokaal.nl/uploads/32/c0/32c0b7d0165fe973181d886afed07890.jpeg
sinterklaas	https://static.grootsneek.nl/uploads/bd/1d/bd1dd5e9f61205be057bd5c37da2fb4c.jpeg
sinterklaas	https://upload.wikimedia.org/wikipedia/commons/7/7c/Intocht_van_Sinterklaas_in_Schiedam_2009_%284102602499%29_%282%29.jpg
sinterklaas	https://miro.medium.com/max/2500/1*IMOOQZlEC35-SefkjrQkHQ.jpeg
sinterklaas	https://www.elle.be/nl/wp-content/uploads/2015/12/1%C3%A0-fun-facts-over-sinterklaas-640x335.jpg
sinterklaas	https://www.rtlnieuws.nl/sites/default/files/styles/liggend_hoge_resolutie/public/content/images/2018/12/03/ANP-65868720.jpg?h=eb0e1f57&itok=btvAnkrs
sinterklaas	https://images4.persgroep.net/rcs/OYK6GGSKj1e4-tJuOg9kZbazkZk/diocontent/178962779/_fitwidth/694/?appId=21791a8992982cd8da851550a453bd7f&quality=0.8
sinterklaas	https://d2e03lv76xdi59.cloudfront.net/photos/7b5ee1ec-bfff-48bf-97a8-f7c90229e152/sinterklaas-bere-toch_1920x1280x.jpg
sinterklaas	https://www.expatica.com/app/uploads/media/upload/816752.jpg
sinterklaas	http://www.sinterklaasintochtleiden.nl/images/resized/440/images/sint_en_piet.png
sinterklaas	https://www.ijmuiden.nl/wp-content/uploads/2019/11/sinterklaas-02.jpg
sinterklaas	https://indebuurt.nl/amersfoort/wp-content/uploads/2019/11/sinterklaas_118.jpg
sinterklaas	https://frieschdagblad.nl/binaries/content/gallery/frieschdagblad/2020/11/6/g5v1sm6vo.1-0.jpg
sinterklaas	https://hips.hearstapps.com/hmg-prod.s3.amazonaws.com/images/6-dingen-die-je-niet-wist-van-sinterklaas-1393-1544442234.jpg
sinterklaas	https://persgroep.pubble.cloud/d9c7ad83/content/2019/11/a07ab06e-c5d6-4033-96ad-3317ea4bbe19_thumb840.jpg
sinterklaas	https://www.checkditff.nl/web/wp-content/uploads/2017/10/sinterklaas-1024x600.jpg
sinterklaas	https://indebuurt.nl/apeldoorn/wp-content/uploads/2018/11/image-001-sinterklaas-2.jpg
sinterklaas	https://boekdesint.nl/wp-content/uploads/2020/08/FOTOSHOOT_SINT-JOCHEM_032-1.jpg
sinterklaas	https://images4.persgroep.net/rcs/YBPBWnF508okHU0jJok69n_0mBc/diocontent/159515328/_fitwidth/694/?appId=21791a8992982cd8da851550a453bd7f&quality=0.8
sinterklaas	https://images0.persgroep.net/rcs/rtmCUbyaZtHsuoQ4yPEv8KTLVIQ/diocontent/162052572/_fitwidth/763?appId=93a17a8fd81db0de025c8abd1cca1279&quality=0.8
sinterklaas	http://sinterklaasmuseum.com/wp-content/uploads/2016/11/Sinterklaasmuseum-1-1-van-1-900x600.jpg
sinterklaas	https://www.curiousmeredith.com/wp-content/uploads/2012/12/32721534762344111_IzX3pMou_c.jpg
sinterklaas	https://www.sinterklaas.nl/wp-content/uploads/2016/07/Sinterklaas-4.jpg
sinterklaas	https://www.rtlnieuws.nl/sites/default/files/styles/liggend/public/content/images/2020/11/14/ANP-425094834.jpg?h=5a6f6f2c&itok=gC0VmXw2
sinterklaas	https://storage.pubble.nl/648e3015/content/2019/11/8590b03f-ae25-4b56-b20c-9026c2c85b6a.jpg
sinterklaas	https://static.gva.be/Assets/Images_Upload/2020/11/07/ab49a7c6-193c-11eb-b2b5-c194db432163.jpg?maxheight=550&maxwidth=550&scale=both
sinterklaas	https://upload.wikimedia.org/wikipedia/commons/6/62/Sinterklaas_zwarte_piet.jpg
sinterklaas	https://static.deweekvantwenterand.nl/uploads/f3/bb/f3bb1c86c0b777f3b4dc3f3f1cb6b62d.jpeg
sinterklaas	https://imgw.rgcdn.nl/702b9ae2bbbc4aaf9a43cf35162c6a65/opener/Sinterklaas-in-Den-Haag-Foto-Richard-Mulder.jpg?v=bTIRMoUmnYH_7BsYQGRdBQ2
sinterklaas	https://www.uitinapeldoorn.nl/dynamic/media/2/images/Rob%20Voss%20Sinterklaas%20APeldoorn%20(1).Jpeg
sinterklaas	https://www.nederlandfeest.nl/wp-content/uploads/2019/11/Staff-van-Sinterklaas-795x385.jpg
sinterklaas	https://static.dw.com/image/51217207_401.jpg
sinterklaas	https://static.nieuwsblad.be/Assets/Images_Upload/2019/11/16/6ce6be82-087c-11ea-a5dc-88dd132df140_web_scale_0.3333333_0.3333333__.jpg
sinterklaas	https://www.jbproductions.nl/images/artiest/new/im_w1200_303_1.jpg
sinterklaas	https://cdn.myonlinestore.eu/9415e454-6be1-11e9-a722-44a8421b9960/image/cache/full/e10b7bc2a93cc1c45d66dff749be20c17043a1d6.jpg
sinterklaas	https://hips.hearstapps.com/hmg-prod.s3.amazonaws.com/images/sinterklaas-2-1571055177.jpg
sinterklaas	https://www.telegramnl.eu/wp-content/uploads/2020/08/a73d523e-d619-4754-a662-485313ad06da_thumb840.jpg
sinterklaas	https://www.kindersache.de/sites/default/files/styles/teaser/public/1440px-Sinterklaas_arrives_in_the_Netherlands%281%29.jpg?itok=9-GTKZhh
sinterklaas	https://www.nederlandfeest.nl/wp-content/uploads/2020/08/Sinterklaas-in-Elburg.jpg
sinterklaas	https://images4.persgroep.net/rcs/EBYtK3qJ_w6i2arPeCULfHCiDNU/diocontent/136657541/_fitwidth/694/?appId=21791a8992982cd8da851550a453bd7f&quality=0.8
sinterklaas	https://cdn.nos.nl/image/2020/11/09/690531/2048x1152.jpg
sinterklaas	https://www.metronieuws.nl/wp-content/uploads/2020/11/sinterklaasviering-anders-dit-jaar-door-corona.jpg
sinterklaas	http://www.hartvannederland.nl/wp-content/uploads/2020/11/anp-401706222.jpg
sinterklaas	https://img.static-rmg.be/a/view/q75/w/h/2052484/48-sinterklaas-jpg.jpg
sinterklaas	https://storage.pubble.nl/4ee7b3ea/content/2020/10/6fa42bdf-074c-4acb-baa6-eb5d38aa6d91_thumb840.jpg
perchtenlauf+2019	https://www.salzburg24.at/_K6B1409.jpg/475x370/61.747.552
perchtenlauf+2019	https://media04.meinbezirk.at/event/2019/10/30/5/466845_L.png?1574698077
perchtenlauf+2019	https://media04.meinbezirk.at/article/2019/12/01/4/22220664_L.jpg?1575247387
perchtenlauf+2019	https://www.visitklagenfurt.at/media/k2/items/cache/78a38d90a5f5af5857b8e93fa4dd5a84_XL.jpg
perchtenlauf+2019	https://i.ytimg.com/vi/ygJbNeUBQiY/maxresdefault.jpg
perchtenlauf+2019	https://api.kaernten.antenne.at/media/static/krampus_3837177_1920-CHvSkbLdZpw73.jpg?size=contentlarge
perchtenlauf+2019	https://www.blounge.at/wp-content/uploads/2017/11/perchtenlauf-graz.jpg
perchtenlauf+2019	https://www.purgstall-erlauf.gv.at/system/web/GetImage.ashx?fileid=1773767&mode=O
perchtenlauf+2019	https://cdn.muenchen-p.de/.imaging/stk/responsive/galleryLarge/dms/va-2018/krampuslauf-2018/krampuslauf-2018-5/document/krampuslauf-2018-5.jpg
perchtenlauf+2019	https://cdn.hallstatt.net/assets/Salzkammergut/Artikel/veranstaltungen/salzkammergut-krampuslauf-2020/_resampled/CroppedFocusedImageWzYwMCw0NTAsIngiLDM2XQ/bad-goisern-salzkammergut-krampuslauf-c-ff-007.jpg
perchtenlauf+2019	https://www.maishofen.com/media/system/animation01/mobile/perchtenlauf-mit-perchtenmaske.jpg
perchtenlauf+2019	https://cdn.muenchen-p.de/.imaging/stk/responsive/image300/dms/va-2017/krampus-2017/krampus3-2017/document/krampus3-2017.jpg
perchtenlauf+2019	https://www.dahoam-in-unterhaching.de/media/news/aktuelles/2019/2019_12_18-Perchtenlauf-2019-2020.jpg
perchtenlauf+2019	https://www.mariazellerland-blog.at/wp-content/uploads/2019/11/Krampuslauf-Mariazell-2019-3035.jpg
perchtenlauf+2019	https://media04.meinbezirk.at/article/2019/10/11/9/21478689_XXL.jpg
perchtenlauf+2019	https://www.mostviertel.at/data/_mostviertel/mediadb/cms_pictures/%7Bd6dcf258-eb5b-c0c5-4863-c349af9c53f2%7D.jpeg
perchtenlauf+2019	https://www.5min.at/wp-content/uploads/2019/11/Villacher-Krampuslauf-24-von-80-e1575109733369-728x406.jpg
perchtenlauf+2019	https://ff-muehldorf.at/wordpress/wp-content/uploads/2019/12/01/2019-12-01_5-pesenbacher-perchtenlauf-2.jpg
perchtenlauf+2019	https://i.ytimg.com/vi/Jba4eQCUVIc/maxresdefault.jpg
perchtenlauf+2019	https://media.kleinezeitung.at/images/uploads_520/5/6/2/5727586/Perchtenlauf-Klagenfurt-November-2019_1574545014856442_v0_h.jpg
perchtenlauf+2019	https://events.gleisdorf.at/esraSoft/webInterface/media/docs/public/images/PER/Perchten1_c_pixabay.jpg
perchtenlauf+2019	https://muerzzuschlag.at/images/com_eventbooking/img_2238.jpg
perchtenlauf+2019	https://images05.noen.at/440_0008_7744586_gre47rf_schwadorfer_hoellenteufel.jpg/1920x1080/174.551.075
perchtenlauf+2019	https://www.stadt-wien.at/uploads/pics/Goldegger_Perchtenlauf_01.JPG
perchtenlauf+2019	https://www.thermen-vulkanland.at/events/Riegersburg/Perchtenlauf/image-thumb__578903__default_og_image/Perchtenlauf%202.jpeg
perchtenlauf+2019	https://www.tips.at/image/thumb/news/692952/490638/800x800x0/1575358847.3108-perchtenlauf-fuer-die-ganze-familie.jpg
perchtenlauf+2019	https://www.graz.net/wp-content/uploads/2019/12/perchtenlauf-graz-2019_1.jpg
perchtenlauf+2019	https://www.perchten-kirchseeon.de/img/photos/perchtenlauf2019-20.jpg
perchtenlauf+2019	https://cdn.hallstatt.net/assets/Salzkammergut/Artikel/veranstaltungen/salzkammergut-krampuslauf-2020/salzkammergut-krampuslauf/_resampled/WebsitePictureW10/IMG0939.jpg
perchtenlauf+2019	https://lookaside.fbsbx.com/lookaside/crawler/media/?media_id=2498274746946804
perchtenlauf+2019	https://woelbling.at/wp-content/uploads/2019/12/2019_PeLau_07.jpg
perchtenlauf+2019	https://www.mariazell.at/wp-content/uploads/2019/11/Krampuslauf-Gu%C3%9Fwerk-Foto-Fred-Lindmoser-980x551.jpg
perchtenlauf+2019	https://www.tirol.at/portal/image.php?idPart=be_sdqpks5c-
perchtenlauf+2019	https://media04.meinbezirk.at/event/2019/11/25/8/491028_L.jpg?1574676219
perchtenlauf+2019	https://hausfotograf.at/wp-content/uploads/2019/11/perchenlauf-bad-v%C3%B6slaueins-61-1080x675.jpg
perchtenlauf+2019	https://www.graz.net/wp-content/uploads/2019/12/perchtenlauf-graz-2019_2.jpg
perchtenlauf+2019	https://www.mostropolis.at/upload/img-gen/area-imggen-cacheid-f76bc940280243e821960f0886e90504.jpg
perchtenlauf+2019	https://www.kreisbote.de/bilder/2019/12/05/13273149/929003946-fischereier-perchtenlauf-2019-fotos-bbentele-24-kopie-1Eec.jpg
perchtenlauf+2019	https://i.ytimg.com/vi/hS6Yyila2J8/maxresdefault.jpg
perchtenlauf+2019	https://www.tips.at/image/thumb/news/480741/488351/800x800x0/1573717740.7952-krampuslauf-am-braunauer-stadtplatz.jpg
perchtenlauf+2019	https://www.cityflyer.at/wp-content/uploads/2019/11/19-11-23-perchtenlauf-amstetten.jpg
perchtenlauf+2019	https://www.thermen-vulkanland.at/events/F%C3%BCrstenfeld/Perchtenlauf/Perchtenlauf%20CChristian%20Thomaser.JPG
perchtenlauf+2019	http://resc.deskline.net/images/AT1/1/59759360-712f-44cb-bd03-ec31dcbf0893/Perchtenlauf.jpg
perchtenlauf+2019	https://cdn.hallstatt.net/assets/Salzkammergut/Artikel/veranstaltungen/salzkammergut-krampuslauf-2020/salzkammergut-krampuslauf/_resampled/WebsitePictureW10/bad-goisern-salzkammergut-krampuslauf-c-ff-002.jpg
perchtenlauf+2019	https://www.ff-weinburg.com/wp-content/uploads/2019/11/P1030472.jpg
perchtenlauf+2019	https://www.familiental.com/media/tz_portfolio/article/cache/5565d0fe74281tz_portfolio_1432735998-251-0_L.jpg
perchtenlauf+2019	https://www.mariazellerland-blog.at/wp-content/uploads/2019/11/Krampuslauf-Halltal-2019-2462.jpg
perchtenlauf+2019	https://www.salzburg24.at/http-www-salzburg24-at-2015-11-2015-11-18-11-07-17-salzburger-perchten-in-braunau-am-inn-flachgau-salzburg24-at-png/475x370/49.511.356
perchtenlauf+2019	https://ff-muehldorf.at/wordpress/wp-content/uploads/2019/12/01/2019-12-01_5-pesenbacher-perchtenlauf-7.jpg
perchtenlauf+2019	https://woelbling.at/wp-content/uploads/2019/12/2019_PeLau_18.jpg
person+in+fur+clothes	https://media.glamour.com/photos/5695cd49d9dab9ff41b45410/master/pass/fashion-blogs-slaves-to-fashion-2010-01-21-0122kanye-west-fur-coat_fa.jpg
person+in+fur+clothes	https://upload.wikimedia.org/wikipedia/commons/e/e8/Sherbrooke%2C_Canada_%28Unsplash_S2sWHoVZF8s%29_%28cut%29.jpg
person+in+fur+clothes	https://assets.vogue.com/photos/5c3e4c518470062d5f41599d/master/w_2560%2Cc_limit/00-story-fur-coat.jpg
person+in+fur+clothes	https://assets.vogue.com/photos/5c3e4c5063f8482d552fbf04/4:3/w_3000,h_2250,c_limit/00-promo-fur-coat.jpg
person+in+fur+clothes	https://i.pinimg.com/originals/38/f7/f7/38f7f70a16663adf2dd7ae2c237964c2.jpg
person+in+fur+clothes	http://www.johntyman.com/arctic/pics/201.jpg
person+in+fur+clothes	https://media.glamour.com/photos/5696550016d0dc3747efc6e7/master/pass/fashion-blogs-slaves-to-fashion-2010-03-17-0318vintage-fur-coat_fa.jpg
person+in+fur+clothes	https://previews.123rf.com/images/feedough/feedough1312/feedough131200043/24144848-young-man-dressed-in-winter-clothes-and-warm-fur-hat-is-scared-about-the-cold-of-winter-on-white-bac.jpg
person+in+fur+clothes	https://i.pinimg.com/originals/2d/0e/04/2d0e04685433acb63e20c9bad14f6e7f.jpg
person+in+fur+clothes	https://theirturn.net/wp-content/uploads/2015/02/Fur_coat_activists.jpg
person+in+fur+clothes	https://i1.wp.com/www.truthaboutfur.com/blog/wp-content/uploads/2016/11/RecycledFurs_Before_After_2-1.jpg?resize=650%2C569
person+in+fur+clothes	https://www.gannett-cdn.com/presto/2020/06/29/USAT/11be9622-419f-444d-971a-c0e820bbed4d-ShoppingHero.png?width=660&height=372&fit=crop&format=pjpg&auto=webp
person+in+fur+clothes	https://hips.hearstapps.com/mac.h-cdn.co/assets/cm/14/49/480x400/5485277d533d5_-_mcx-famous-fashion-lyrics-016-de.jpg?resize=480:*
person+in+fur+clothes	https://i.pinimg.com/originals/c5/56/b1/c556b1c85fc8d62d9d9f1527dd99bf0f.jpg
person+in+fur+clothes	https://theirturn.net/wp-content/uploads/2015/02/fur_nyc1.jpg
person+in+fur+clothes	https://www.apetogentleman.com/wp-content/uploads/2018/10/Winter-Coats.png
person+in+fur+clothes	https://ae01.alicdn.com/kf/H447414c5d1d54a6db9fd11a3f93af22aM/100-Real-Sheepskin-Fur-Shearling-Overcoat-for-Male-Long-Slim-Genuine-Leather-Garment-winter-thick-coat.jpg_Q90.jpg_.webp
person+in+fur+clothes	http://d279m997dpfwgl.cloudfront.net/wp/2019/11/GettyImages-935895480-1000x670.jpg
person+in+fur+clothes	https://thumbs.dreamstime.com/b/luxury-fur-clothes-female-fashion-trend-concept-winter-fashionable-wardrobe-female-boutique-selling-fur-luxury-fur-clothes-180371129.jpg
person+in+fur+clothes	https://upload.wikimedia.org/wikipedia/commons/thumb/5/52/Canadian_man_fur_coat_1910.jpeg/170px-Canadian_man_fur_coat_1910.jpeg
person+in+fur+clothes	https://image.shutterstock.com/z/stock-photo-a-photo-of-sexual-beautiful-girl-is-in-fur-clothes-160239092.jpg
person+in+fur+clothes	https://ae01.alicdn.com/kf/H146ed4858fdc4beea772ae6b532d71acX/Sani-2020-Genuine-Leather-Jacket-Man-s-Sheepskin-Fur-Overcoat-Slim-Thick-Shearling-fur-Coat-Mink.jpg_Q90.jpg_.webp
person+in+fur+clothes	https://makeitbritish.co.uk/wp-content/uploads/2018/11/Top-40-British-made-coat-brands.png
person+in+fur+clothes	https://media.gettyimages.com/photos/portrait-of-man-in-warm-clothes-outdoors-picture-id1130927604?s=612x612
person+in+fur+clothes	https://lookaside.fbsbx.com/lookaside/crawler/media/?media_id=2246925318756086
person+in+fur+clothes	https://api.time.com/wp-content/uploads/2018/03/big-jacket-fashion-trend-balenciaga-memes.jpg?quality=85&crop=0px%2C35px%2C2405px%2C1259px&resize=1200%2C628&strip
person+in+fur+clothes	https://www.thetrendspotter.net/wp-content/uploads/2018/12/10-Cute-Winter-Outfits-Ideas-for-All-Occasions-.jpg
person+in+fur+clothes	https://www.moncler.com/on/demandware.static/-/Library-Sites-MonclerSouthKoreaShared/en_US/dw4b1185bc/w-hp-slider-desk-reframing-the-point@2x.jpg
person+in+fur+clothes	https://miro.medium.com/max/3998/1*2Wcyx9WHrCHcaTG6nMTTkA.jpeg
person+in+fur+clothes	https://c8.alamy.com/comp/PP9EYG/russian-man-in-winter-clothes-and-russian-fur-hat-in-a-pine-forest-PP9EYG.jpg
person+in+fur+clothes	https://img.huffingtonpost.com/asset/5da8c10f200000fe0f50603a.png?ops=scalefit_720_noupscale
person+in+fur+clothes	https://wwd.com/wp-content/uploads/2018/04/ad-mk-kors-fall-ad-campaign-f17-1.jpg
person+in+fur+clothes	https://cdn5.eyeem.com/thumb/94e73e8e96b216e32dbe4a1dd7056413426705bb-1545842005582/w/1300
person+in+fur+clothes	https://media.glamour.com/photos/5695cf0316d0dc3747ee18cb/master/pass/fashion-blogs-slaves-to-fashion-0310-downtown4_fa.jpg
person+in+fur+clothes	https://media.istockphoto.com/photos/surprised-senior-man-in-winter-clothes-picture-id661905294
person+in+fur+clothes	http://www.johntyman.com/arctic/pics/203.jpg
person+in+fur+clothes	https://i.pinimg.com/originals/a1/f6/1f/a1f61f6caa81dd7d13626511370a4fc6.jpg
person+in+fur+clothes	https://i.guim.co.uk/img/static/sys-images/Guardian/Pix/pictures/2015/2/11/1423656903428/A-model-displays-a-creati-009.jpg?width=1200&height=630&quality=85&auto=format&fit=crop&overlay-align=bottom%2Cleft&overlay-width=100p&overlay-base64=L2ltZy9zdGF0aWMvb3ZlcmxheXMvdG8tZGVmYXVsdC5wbmc&s=b8b05d086ee7bb10d060a14778ff9767
person+in+fur+clothes	https://bostonglobe-prod.cdn.arcpublishing.com/resizer/agr-wybu3uRnJ1oqXkjQxymyoLE=/1440x0/arc-anglerfish-arc2-prod-bostonglobe.s3.amazonaws.com/public/TFOU7EAQKYI6TEDYCGUFCNKLUI.jpg
person+in+fur+clothes	https://www.themodestman.com/wp-content/uploads/2014/12/Outerwear-for-short-men.jpg
person+in+fur+clothes	https://thumbs.dreamstime.com/z/man-traveling-winter-nature-warm-clothes-cold-season-sexy-fashion-green-coat-happy-holidays-flu-frozen-mystical-158453543.jpg
person+in+fur+clothes	https://wfc.tv/f/images/58tL-WmF1-Photo%20Collage_20191122_140858750.jpg
person+in+fur+clothes	http://cdn.shopify.com/s/files/1/0108/7802/files/Outerwear_for_short_men.jpg?v=1549314294
person+in+fur+clothes	https://www.pointzero.ca/media/wysiwyg/PZ_HOMEPAGE_EN_1.1597429155.jpg
person+in+fur+clothes	https://www.soapstyle.co.uk/blog/wp-content/uploads/2020/11/emma-coronation-street-fur-jacket-where-from-soapstyle-369x246.jpg
person+in+fur+clothes	https://freerangestock.com/sample/66329/photo.jpg
person+in+fur+clothes	https://hips.hearstapps.com/hmg-prod.s3.amazonaws.com/images/faux-fur-coats-1608132587.png?crop=1.00xw:1.00xh;0,0&resize=1200:*
person+in+fur+clothes	https://img.rasset.ie/00127a45-614.jpg?ratio=1.5
person+in+fur+clothes	https://cms.qz.com/wp-content/uploads/2016/10/gettyimages-164759083-cropped.jpg?quality=75&strip=all&w=1200&h=630&crop=1
person+in+fur+clothes	https://i1.wp.com/www.bestpracticeinhr.com/wp-content/uploads/2018/05/resumes-like-coats-look-nice-but-tell-you-nothing-about-the-person-who-is-wearing-them.jpg?resize=800%2C445
father+christmas	https://p7014794.vo.llnwd.net/e1/media/catalog/product/l/a/lanka-kade-father-christmas-wooden-toy-figure-1.jpg
father+christmas	https://static.independent.co.uk/s3fs-public/thumbnails/image/2016/11/23/14/santa.jpg
father+christmas	https://i.guim.co.uk/img/media/f5a1f37d1a7822f0a99fd2c3b338a6d40f45bc9e/41_267_5299_3179/master/5299.jpg?width=1200&height=1200&quality=85&auto=format&fit=crop&s=568a6bc74a40f0ca46419497fc558ac5
father+christmas	http://mariechantalblog.com/wp-content/uploads/2017/12/o-santa-claus-facebook-1024x512-680x340.jpg
father+christmas	https://harewood.org/wp-content/uploads/2020/09/AdobeStock_70478393-1024x682.jpeg
father+christmas	https://i2-prod.liverpoolecho.co.uk/incoming/article17986555.ece/ALTERNATES/s1200c/0_Father-Christmas.jpg
father+christmas	https://thumbs.dreamstime.com/z/santa-claus-father-christmas-cartoon-character-face-graphic-santa-claus-father-christmas-cartoon-character-132327458.jpg
father+christmas	https://m.media-amazon.com/images/I/61XJOoUBEnL._AC_SY550_.jpg
father+christmas	https://i2.wp.com/metro.co.uk/wp-content/uploads/2019/12/GettyImages-104304926-cf8a.jpg?quality=90&strip=all&zoom=1&resize=644%2C483&ssl=1
father+christmas	https://img.huffingtonpost.com/asset/5d037306240000300f91f7b1.jpeg?ops=1778_1000
father+christmas	https://www.scribbler.com/Images/Product/Default/xlarge/CH1256.jpg
father+christmas	https://www.funkidslive.com/wp-content/uploads/2018/11/royal-albert-hall.jpg
father+christmas	https://i.pinimg.com/474x/fc/34/4d/fc344df481eed8cd686311fe7851f0f3.jpg
father+christmas	https://www.leaderlive.co.uk/resources/images/12050506.jpg?display=1&htype=0&type=responsive-gallery
father+christmas	https://i1.wp.com/metro.co.uk/wp-content/uploads/2020/11/PRC_171467930.jpg?quality=90&strip=all&zoom=1&resize=644%2C482&ssl=1
father+christmas	https://www.telegraph.co.uk/content/dam/films/2016/12/07/PD49510709_Rex-Features_390919ar-Film-Miracle-on-34th-Street_trans_NvBQzQNjv4BqpVFtQMSn7ZYEgFkbAp9DEghi1ZMFW4tO_4Pqw0owwW0.jpg
father+christmas	https://cobanestudio.com/wp-content/uploads/2019/02/%C2%A9Woodland-Father-Christmas-cps167.jpg
father+christmas	https://www.thenovium.org/media/27243/Father-Christmas/image/christmas_small.jpg
father+christmas	https://www.shropshirestar.com/resizer/Am19u28_mkqUp4xNQ_k15z9qyX8=/1200x0/cloudfront-us-east-1.images.arcpublishing.com/mna/TGU6JW2AGRAZFG5SQQUTGTYBTY.jpg
father+christmas	https://www-konga-com-res.cloudinary.com/w_auto,f_auto,fl_lossy,dpr_auto,q_auto/media/catalog/product/F/a/Father-Christmas-Outfit-7608590_1.jpg
father+christmas	https://media.timeout.com/images/104623452/630/472/image.jpg
father+christmas	https://i2-prod.manchestereveningnews.co.uk/incoming/article15576776.ece/ALTERNATES/s615b/0_RWR_HDE_1712_man.jpg
father+christmas	https://i2-prod.birminghammail.co.uk/incoming/article17325444.ece/ALTERNATES/s1200c/0_Portrait-of-classic-Santa-laughing-santaclaus-father-christmas.jpg
father+christmas	https://images.fineartamerica.com/images/artworkimages/mediumlarge/1/father-christmas-karl-roger.jpg
father+christmas	https://familymatters-uk.co.uk/wp-content/uploads/2017/10/iStock_000075289407_Illustration-970x640.jpg
father+christmas	https://static.independent.co.uk/s3fs-public/thumbnails/image/2018/12/05/10/santa.jpg?width=982&height=726
father+christmas	https://images.chessingtonholidays.co.uk/seo/events/christmas/father-christmas-sleepovers/2020/father-christmas-square-p.jpg
father+christmas	https://www.thesun.co.uk/wp-content/uploads/2017/12/nintchdbpict000374314140.jpg
father+christmas	https://images-na.ssl-images-amazon.com/images/I/A1GLajuH8yL.jpg
father+christmas	https://letsmush.com/wp-content/uploads/2019/12/Screenshot-2019-12-11-at-09.21.28-984x640.png
father+christmas	https://bloximages.chicago2.vip.townnews.com/dailyjournalonline.com/content/tncms/assets/v3/editorial/4/f0/4f075907-1c2c-5958-9432-5458d2e94c51/5de67e1225be1.image.jpg
father+christmas	https://pbs.twimg.com/profile_images/569449146/me_400x400.jpg
father+christmas	https://static.standard.co.uk/s3fs-public/thumbnails/image/2016/12/23/12/santa-claus.jpg?w968
father+christmas	https://media.ceetiz.com/activity/NORRVN001/thumbnails/642x450/Rencontre-Pere-Noel-dAjeuner_Rovaniemi_Laponie_Ceetiz-7.jpg
father+christmas	https://i2-prod.examinerlive.co.uk/incoming/article6445656.ece/ALTERNATES/s615/zz201213father-1.jpg
father+christmas	https://www.telegraph.co.uk/content/dam/Travel/2018/September/christmas-santa.jpg
father+christmas	https://www.foylefilmfestival.org/sites/default/files/styles/header/public/showimage.jpeg?itok=Eixb3kr5&c=38113d7963111421b08ce280b24af91f
father+christmas	https://i2-prod.liverpoolecho.co.uk/news/uk-world-news/article19180958.ece/ALTERNATES/s615/0_JS170068119.jpg
father+christmas	https://upload.wikimedia.org/wikipedia/en/e/e2/Father_Christmas_%28comics%29.jpg
father+christmas	https://pinchpointcommunications.co.uk/wp-content/uploads/2018/11/santa.png
father+christmas	https://partycity6.scene7.com/is/image/PartyCity/_pdp_sq_?$_1000x1000_$&$product=PartyCity/P806503
father+christmas	https://www.henrystreet.co.uk/wp-content/uploads/2019/09/Santa-2-1024x997.jpg
santa+claus	https://upload.wikimedia.org/wikipedia/commons/4/49/Jonathan_G_Meath_portrays_Santa_Claus.jpg
santa+claus	https://pbs.twimg.com/profile_images/1316013567305342977/2wd-FZ63_400x400.jpg
santa+claus	https://images.theconversation.com/files/302306/original/file-20191118-169393-r78x4o.jpg?ixlib=rb-1.1.0&q=45&auto=format&w=1200&h=675.0&fit=crop
santa+claus	https://m.economictimes.com/thumb/msid-61895405,width-1200,height-900,resizemode-4,imgsize-66918/magazines/panache/check-out-some-fun-facts-about-santa-claus/santa-claus.jpg
santa+claus	https://images.theconversation.com/files/249293/original/file-20181206-128196-12nfo28.jpg?ixlib=rb-1.1.0&q=45&auto=format&w=1200&h=1200.0&fit=crop
santa+claus	https://pas-wordpress-media.s3.us-east-1.amazonaws.com/wp-content/uploads/2011/12/santa.jpg
santa+claus	https://www.refinery29.com/images/10124831.jpg
santa+claus	https://www.mercurynews.com/wp-content/uploads/2017/12/main-santa-art.jpg?w=710&h=503
santa+claus	https://img.etimg.com/thumb/width-1200,height-900,imgsize-671579,resizemode-1,msid-67267250/magazines/panache/who-is-to-say-santa-claus-doesnt-exist.jpg
santa+claus	https://image.freepik.com/free-vector/merry-christmas-santa-claus-character_24877-57562.jpg
santa+claus	https://specials-images.forbesimg.com/imageserve/1072185276/960x0.jpg?cropX1=0&cropX2=6000&cropY1=18&cropY2=3393
santa+claus	https://www.123dentist.com/wp-content/uploads/2018/12/santa-claus.jpg
santa+claus	https://i.pinimg.com/originals/84/b6/fd/84b6fd36de0dfc3d3db085d4ed791c1d.png
santa+claus	https://www.macmillandictionaryblog.com/wp-content/uploads/2017/12/santa-1024x561.jpg
santa+claus	https://cdn.vox-cdn.com/thumbor/JNqG6Szy-1Nr8Q8B6T7CJIjeRGs=/1400x1400/filters:format(jpeg)/cdn.vox-cdn.com/uploads/chorus_asset/file/18785868/17b2954301.jpg
santa+claus	https://static.vecteezy.com/system/resources/thumbnails/000/647/414/original/santa_claus_346346.jpg
santa+claus	https://www.dailyrepublic.com/files/2017/12/SantaPressPhoto2.jpg
santa+claus	https://nypost.com/wp-content/uploads/sites/2/2018/12/female-male-santa.jpg?quality=80&strip=all
santa+claus	https://bestlivingjapan.com/wp-content/uploads/2019/11/Roppongi-Hills-Santa.jpg
santa+claus	https://santaclausvillage.info/userassets/uploads/2018/02/slide4-1600x760.jpg
santa+claus	https://media.timeout.com/images/105644175/image.jpg
santa+claus	https://ec.europa.eu/jrc/sites/jrcsh/files/styles/normal-responsive/public/adobestock_226013143.jpeg?itok=3dbnMDO6
santa+claus	https://sauconsource.com/wp-content/uploads/2019/12/santa-claus-1614994_1920-1170x1402.png
santa+claus	http://4liberty.eu/wp-content/uploads/2018/12/santa.jpg
santa+claus	https://content.presspage.com/uploads/1376/c1920_santaclaus-258748.jpg?13208
santa+claus	https://i.pinimg.com/originals/54/a3/f2/54a3f2831682b8c83de8ee68ce16c6c1.jpg
santa+claus	https://png.pngtree.com/png-clipart/20190611/original/pngtree-santa-claus-rock-png-image_2328303.jpg
santa+claus	https://cdn.psychologytoday.com/sites/default/files/field_blog_entry_images/2019-12/baby-wearing-santa-costume-1724173.jpg
santa+claus	https://qtxasset.com/fiercepharma/1603720560/Masked%20Santa.jpg?kXrk0jCyOleCFUlYmcxCjovrgDDS.LA0
santa+claus	https://www.appleton.org/Home/ShowPublishedImage/18655/637378611038300000
santa+claus	https://artprojectsforkids.org/wp-content/uploads/2020/11/Santa-crayon.jpg
santa+claus	https://i.insider.com/5a2ace3f8a49863c0b8b4b73?width=1100&format=jpeg&auto=webp
santa+claus	https://santaclausoffice.com/wp-content/uploads/2017/09/joulupukki-tuolissaan-2.jpg
santa+claus	https://cdn.mos.cms.futurecdn.net/eg8MAGv3XueB77sHcWUFTa-1200-80.jpg
santa+claus	https://cms.qz.com/wp-content/uploads/2019/12/RTX7A2VT-e1575384133316.jpg?quality=75&strip=all&w=1200&h=900&crop=1
santa+claus	https://kubrick.htvapps.com/htv-prod-media.s3.amazonaws.com/images/johnny-thrasher-santa-claus-1595277541.png?crop=1.00xw:1.00xh;0,0&resize=900:*
santa+claus	https://www.irishtimes.com/polopoly_fs/1.1634356.1387537565!/image/image.jpg_gen/derivatives/ratio_1x1_w1200/image.jpg
santa+claus	https://i0.wp.com/nypost.com/wp-content/uploads/sites/2/2018/12/santa-claus-kids.jpg?quality=80&strip=all&ssl=1
santa+claus	https://www.runningclubnorth.org/wp-content/uploads/2020/06/2019-Race-Logo-Santa-Clause-Half-Marathon.jpg
santa+claus	https://www.lapland.fi/uploads/2017/11/54d45a42-is-santa-claus-real-1440x959.jpg
santa+claus	https://i.insider.com/58585793aca05922008b4beb?width=700
santa+claus	https://www.gannett-cdn.com/presto/2019/12/05/PLOU/4aced45f-e3c3-4d17-b1f5-3b6ba087807c-santaandbaby.jpg?crop=3023,1701,x0,y604&width=3023&height=1701&format=pjpg&auto=webp
santa+claus	https://image.freepik.com/free-vector/cartoon-santa-claus-holding-gift_29190-5082.jpg
santa+claus	https://www.discoverlosangeles.com/sites/default/files/media/activities/shopping/westfield_santa_claus_cookies.jpg
santa+claus	https://5cqit28tdpg1qkf0k1rc5k54-wpengine.netdna-ssl.com/wp-content/uploads/2019/10/Personalized-Video-From-Santa.jpg
santa+claus	https://cnet4.cbsistatic.com/img/SO3CyxGg7N3tFyLBU7PzG6qONRE=/940x0/2020/11/24/d1a6ccf4-ea1d-44a9-81a7-54263bfe6806/santa.jpg
santa+claus	https://www.papo-france.com/190-thickbox_default/santa-claus.jpg
santa+claus	https://images-na.ssl-images-amazon.com/images/I/71WQOztuJXL.png
santa+claus	https://myletterfromsantaclaus.com/wp-content/uploads/2020/05/slide-bg-1.jpg
krampus+suedtirol	https://www.suedtirol.com/media/3050/idm06402mala_b.jpg?anchor=center&mode=crop&width=1200&height=630&rnd=132109500170000000
krampus+suedtirol	https://www.suedtirolerland.it/images/cms/main/754x435/B_RS172764_besonderer-markt_nikolaus_kaltern_teufelsmaske_wild_RD_PC060724.JPG
krampus+suedtirol	https://cdn.prod.www.spiegel.de/images/730674f3-0001-0004-0000-000001370435_w1200_r1_fpx62.34_fpy55.01.jpg
krampus+suedtirol	https://static.suedtirol.com/krampusse-teufel.000bre.jpg?width=1920&mode=crop&hash=f02a
krampus+suedtirol	https://www.suedtirol-tirol.com/media/krampuslauf-in-toblach,64342226.jpg
krampus+suedtirol	https://cdn.prod.www.spiegel.de/images/ed62e150-0001-0004-0000-000001370432_w996_r1.77_fpx50_fpy52.8.jpg
krampus+suedtirol	https://www.suedtirol.de/upload/LandUndLeute/Krampus/15370184_10207272177462979_8544221564943304369_o.jpg
krampus+suedtirol	https://www.bergtoifl.com/CustomerData/642/Files/Images/bergtoifl-sexten02.jpg
krampus+suedtirol	https://www.jagdhof.com/grafik/resize/1600x900_upload-news--der-brauch-des-nikolaus-und-seiner-krampusse-in-suedtirol--274_28507.jpg
krampus+suedtirol	https://www.sudtirol.com/images/eventi/krampus.jpg
krampus+suedtirol	https://static.suedtirol.com/krampus-in-suedtirol.0008iw.jpg?width=1920&mode=crop&hash=f02a
krampus+suedtirol	https://sl-1.cdn.suedtirol.live/pics/230409/20181022020512_230409_l.jpg
krampus+suedtirol	https://media.unsertirol24.com/uploads/2019/12/tuifl-sterzing.jpg
krampus+suedtirol	https://images2.pustertal.org/images/events/main/754x435/d2ef724f89cb044818ffd46e44a10a82.jpeg
krampus+suedtirol	https://www.vivosuedtirol.com/CustomerData/321/Files/Images/kultur-natur/kultur/brauchtum/nikolaus-krampus/nikolaus-krampus.jpg
krampus+suedtirol	https://www.gsieser-tal.eu/CustomerData/495/Files/Images/aktivurlaub/veranstaltungen/krampusumzug-pichl/krampusumzug-pichl.jpg
krampus+suedtirol	https://media.stncdn.it/960x720/2017/12/20171203_pd4462-hr-e1512489316454.jpg
krampus+suedtirol	https://www.eisacktal.com/smartedit/images/content_mod_2/dsc_0039.jpg
krampus+suedtirol	https://www.suedtirolprivat.com/media/950_x_475/d3f791c6-2973-41b3-b5a3-b6693ca2f9de/blogbeitrag-krampuserzaehlt-titelbild.jpg
krampus+suedtirol	https://images2.weinstrasse.com/images/events/main/754x435/4c8a0c0b33755410355a92f52d88feae.jpeg
krampus+suedtirol	https://www.natz-schabs.info/smartedit/images/content_mod_1/-M1A5537_2.jpeg
krampus+suedtirol	https://www.suedtirol.at/upload/LandUndLeute/Krampus/15384349_10207272176622958_6303152737228653706_o.jpg
krampus+suedtirol	https://upload.wikimedia.org/wikipedia/commons/thumb/7/72/Krampus_Salzburg_with_bishop_and_angel.jpg/1200px-Krampus_Salzburg_with_bishop_and_angel.jpg
krampus+suedtirol	https://www.web-artwork.com/wp-content/uploads/2017/09/krampus-shooting-suedtirol-44-1300x580.jpg
krampus+suedtirol	https://www.diesuedtiroler.it/wp-content/uploads/2017/12/DSC2806-672x372.jpg
krampus+suedtirol	https://upload.wikimedia.org/wikipedia/commons/thumb/9/9c/KrampusG.JPG/360px-KrampusG.JPG
krampus+suedtirol	https://www.merano-suedtirol.it/media/b825a3c8-00cd-45e6-89a7-7f09f627f14e/414_x_414/hellntol-tuifl-3.jpg
krampus+suedtirol	https://images2.suedtirolerland.it/images/events/main/754x435/427dd4e947a3ed7e189dcb7a8836bd8e.jpeg
krampus+suedtirol	https://images2.kalterersee.com/images/events/main/754x435/0367537bd4026d7d7214c695fe8e1945.jpeg
krampus+suedtirol	https://www.hotel-meran.org/wp-content/uploads/2011/12/tradition-suedtirol3.jpg
krampus+suedtirol	https://i.ytimg.com/vi/wrEG6pAXAQc/maxresdefault.jpg
krampus+suedtirol	https://doc.lts.it/DocSite/ImageRender.aspx?ID=cd694363ea0346299ed682adc020e9c5&W=408&SizeMode=1
krampus+suedtirol	https://www.eisacktal.com/smartedit/images/content_mod_1/stefanoorsini1.jpg
krampus+suedtirol	https://www.kronplatz.com/website/var/tmp/image-thumbnails/510000/519684/thumb__media-block-600/094_tvsand_krampus_-c-kottersteger_171208_di7r0472.jpeg
krampus+suedtirol	https://i.ytimg.com/vi/Fdz2BeBsbPo/maxresdefault.jpg
krampus+suedtirol	https://www.kronplatz.com/website/var/tmp/image-thumbnails/510000/519682/thumb__media-block-400/019_tvsand_krampus_-c-kottersteger_171208_di7r9900.jpeg
krampus+suedtirol	https://media-cdn.sueddeutsche.de/image/sz.1.4246417/640x426?v=1544371497000&method=resize&cropRatios=3:2&cropRatios=2:3
krampus+suedtirol	https://www.bergtoifl.com/CustomerData/642/Files/Images/header/header01.jpg
krampus+suedtirol	https://s3-images.stol.it/_images/fit/1000x563/img/2019/10/6-tuifl-krampus-treffen-latsch.jpg
krampus+suedtirol	https://www.kronplatz.com/website/var/tmp/image-thumbnails/510000/519679/thumb__media-block-400/113_tvsand_krampus_-c-kottersteger_171208_di7r0610.jpeg
krampus+suedtirol	https://pbs.twimg.com/media/CyrbbZ_WEAATjXx.jpg
krampus+suedtirol	https://upload.wikimedia.org/wikipedia/commons/thumb/a/ac/Moderner_Krampus_K%C3%A4rnten_2.JPG/290px-Moderner_Krampus_K%C3%A4rnten_2.JPG
krampus+suedtirol	https://www.web-artwork.com/wp-content/uploads/2015/12/krampus-nikolaus-lana02.jpg
krampus+suedtirol	https://www.lindenhof.it/blog/wp-content/uploads/2016/12/Krampus1.jpg
krampus+suedtirol	https://www.voxnews.online/fileadmin/wp-upload/2019/11/krampus-3009994_1920.jpg
krampus+suedtirol	https://www.tageszeitung.it/wp-content/uploads/2019/12/krampus-walter-maffei.png
krampus+suedtirol	https://upload.wikimedia.org/wikipedia/commons/8/86/Krampusse_der_Oberndorfer_Salzachteufel.jpg
krampus+suedtirol	https://cdn.prod.www.spiegel.de/images/7ab038d8-0001-0004-0000-000001370439_w718_r1.3636363636363635_fpx36.67_fpy50.jpg
krampus+suedtirol	https://cdni.rt.com/deutsch/images/2019.12/article/5dee3ad548fbef5f2128e892.jpg
krampus+suedtirol	https://c8.alamy.com/compde/cpdm97/krampus-ist-ein-fabelwesen-anerkannt-in-den-alpenlandern-taufers-sudtirol-bozen-italien-europa-cpdm97.jpg
krampus+osttirol	https://blog.osttirol.com/wp-content/uploads/2017/11/Nikolaus_Krampus2-1024x683.jpg
krampus+osttirol	https://blog.osttirol.com/wp-content/uploads/2017/11/Nikolaus_Krampus3-1-1024x683.jpg
krampus+osttirol	https://i.ytimg.com/vi/qcCwJL-1fUU/maxresdefault.jpg
krampus+osttirol	https://blog.osttirol.com/wp-content/uploads/2017/11/Nikolaus_Krampus4-683x1024.jpg
krampus+osttirol	https://assets.dolomitenstadt.at/wp-content/uploads/2019/11/krampus-postkarte-motiv2randgrau.jpg
krampus+osttirol	https://blog.osttirol.com/wp-content/uploads/2015/10/10687129_314710462045470_5999948762441793485_n-1.jpg
krampus+osttirol	https://www.fotograf-osttirol.at/wp-content/uploads/2015/12/File035_c_Brunner_Images_at-1277x800.jpg
krampus+osttirol	https://i.ytimg.com/vi/37W8t4tY1tU/maxresdefault.jpg
krampus+osttirol	https://i.ytimg.com/vi/usRHCxyPNXg/hqdefault.jpg
krampus+osttirol	https://www.fotograf-osttirol.at/wp-content/uploads/2015/12/H99A9467_c_Brunner_Images_at-1208x800.jpg
krampus+osttirol	https://www.fotograf-osttirol.at/wp-content/uploads/2015/12/File090_c_Brunner_Images_at-1284x800.jpg
krampus+osttirol	https://assets.dolomitenstadt.at/wp-content/uploads/2020/11/krampus-tischziachn-lienz-2018-c-brunner.jpg
krampus+osttirol	https://i.ytimg.com/vi/bEJE0E5_R_g/mqdefault.jpg
krampus+osttirol	https://www.westwards.de/.a/6a00d8341e0c5153ef01b7c7f98e03970b-pi
krampus+osttirol	https://www.osttirol-heute.at/wp-content/uploads/2013/11/krampus2013vas1.jpg
krampus+osttirol	https://lookaside.fbsbx.com/lookaside/crawler/media/?media_id=350289491811355
krampus+osttirol	https://assets.dolomitenstadt.at/wp-content/uploads/2018/12/krampus-thurn-2018-5-1352x900.jpg
krampus+osttirol	https://blog.osttirol.com/wp-content/uploads/2017/11/Nikolaus_Krampus11-683x1024.jpg
krampus+osttirol	http://wordpress.p145192.webspaceconfig.de/wp-content/uploads/2017/11/kinderkrampustischziehen-thurn-c-start1603-c-ohkh.jpg
krampus+osttirol	https://images-tt-com.nmo.at/v2/assets.tt.com/im-content/images/fb0e5bb3-1cd3-5898-8c68-4b06785c10b5?p=eyJyZXNpemUiOnsid2lkdGgiOjg1OCwiaGVpZ2h0IjpudWxsLCJmaXQiOiJjb250YWluIn19
krampus+osttirol	https://assets.dolomitenstadt.at/wp-content/uploads/2016/08/krampus_8.jpg
krampus+osttirol	https://www.fotograf-osttirol.at/wp-content/uploads/2015/12/MM0_2973_c_Brunner_Images_at-1256x800.jpg
krampus+osttirol	https://www.osttirol-heute.at/wp-content/uploads/2013/12/krampuslienzgal15.jpg
krampus+osttirol	https://assets.dolomitenstadt.at/wp-content/uploads/2018/12/krampus-thurn-2018-3-1380x900.jpg
krampus+osttirol	https://www.blog.tirol/wp-content/uploads/2018/11/TVBOsttirol_764391-%C2%A9Osttirol-WerbungZl%C3%B6bl.jpg
krampus+osttirol	https://i.ytimg.com/vi/6SnUhf0szDs/maxresdefault.jpg
krampus+osttirol	https://lookaside.fbsbx.com/lookaside/crawler/media/?media_id=863434600363809
krampus+osttirol	https://www.osttirol-heute.at/wp-content/uploads/2013/12/krampuslienzgal13.jpg
krampus+osttirol	https://assets.dolomitenstadt.at/wp-content/uploads/2013/12/Krampusbilanz-Osttirol.jpg
krampus+osttirol	https://i.ytimg.com/vi/Qf-oHJObjds/maxresdefault.jpg
krampus+osttirol	https://assets.dolomitenstadt.at/wp-content/uploads/2016/08/krampus_2.jpg
krampus+osttirol	https://blog.osttirol.com/wp-content/uploads/2017/11/Nikolaus_Krampus8-1024x683.jpg
krampus+osttirol	https://i.ytimg.com/vi/oKRY2qNAAls/sddefault.jpg
krampus+osttirol	https://lookaside.fbsbx.com/lookaside/crawler/media/?media_id=175873775786565
krampus+osttirol	https://i.pinimg.com/originals/e5/2c/69/e52c69f57a8c60dcaca9b04e11837d2e.jpg
krampus+osttirol	https://video-images.vice.com/videos/58/20/582042585c3ea2696067c94f/582042585c3ea2696067c94f-1510591261628.jpg
krampus+osttirol	https://www.osttirol-heute.at/wp-content/uploads/2017/11/virgerkinderklaubauf2017-c-galerie03_-c-brunner.jpg
krampus+osttirol	https://upload.wikimedia.org/wikipedia/commons/thumb/7/72/Krampus_Salzburg_with_bishop_and_angel.jpg/1200px-Krampus_Salzburg_with_bishop_and_angel.jpg
krampus+osttirol	https://assets.dolomitenstadt.at/wp-content/uploads/2016/02/krampus_01.jpg
krampus+osttirol	https://osttirol-fotos.at/assets/images/b/krampus-in-osttirol-c-toniausserlechner-001_02-7b2a463b.jpg
krampus+osttirol	https://www.fotograf-osttirol.at/wp-content/uploads/2015/12/H99A8239_c_Brunner_Images_at-1333x800.jpg
krampus+osttirol	https://i.ytimg.com/vi/NsSdNl0F4Wc/hqdefault.jpg
krampus+osttirol	https://assets.dolomitenstadt.at/wp-content/uploads/2019/10/krampus-kurt-glaenzer-okt-2019-c-dolomitenstadt-wagner.jpg
krampus+osttirol	https://www.osttirol-heute.at/wp-content/uploads/2013/11/krampusgenerationen12.jpg
krampus+osttirol	https://blog.osttirol.com/wp-content/uploads/2015/10/10429261_314704795379370_281901270878068217_n.jpg
krampus+osttirol	https://osttirol-fotos.at/files/Krampus-in-Osttirol/krampus-in-osttirol-c-toniausserlechner-004.jpg
krampus+osttirol	https://i.ytimg.com/vi/6kCEkqu0pQU/maxresdefault.jpg
krampus+osttirol	https://scontent-yyz1-1.cdninstagram.com/v/t51.2885-15/sh0.08/e35/s640x640/75467903_110439523595720_6424732059327827308_n.jpg?_nc_ht=scontent-yyz1-1.cdninstagram.com&_nc_cat=108&_nc_ohc=PPajLzk_krAAX-VsoVx&oh=7a8512ba45a8c279021153ecd737ee5a&oe=5F00EC66
krampus+osttirol	http://www.kleinezeitung.at/images/uploads/0/6/e/5718126/Krampusmuseum_1573116021264274.jpg
krampus+osttirol	https://blog.osttirol.com/wp-content/uploads/2017/11/Nikolaus_Krampus6-1024x683.jpg
bearded+person+in+fur+coat	https://c8.alamy.com/comp/WHWJJ7/bearded-man-in-fur-coat-looking-away-during-winter-WHWJJ7.jpg
bearded+person+in+fur+coat	https://static1.bigstockphoto.com/2/0/2/large1500/202769179.jpg
bearded+person+in+fur+coat	https://static2.bigstockphoto.com/5/6/1/large1500/165027491.jpg
bearded+person+in+fur+coat	https://i.pinimg.com/originals/c0/86/5f/c0865f822c99090de1f260a3cdce0930.jpg
bearded+person+in+fur+coat	https://comps.canstockphoto.com/bearded-man-in-fur-coat-stock-image_csp46377764.jpg
bearded+person+in+fur+coat	https://previews.123rf.com/images/photosvit/photosvit1701/photosvit170101217/69170768-handsome-bearded-man-or-guy-in-winter-fur-coat-has-fashionable-mustache-and-beard-on-serious-face-ho.jpg
bearded+person+in+fur+coat	https://previews.123rf.com/images/prometeus/prometeus1704/prometeus170400850/76766409-fashion-shot-of-a-stylish-brutal-bearded-man-wearing-fur-coat-studio-shot-over-grunge-background-.jpg
bearded+person+in+fur+coat	https://thumbs.dreamstime.com/z/winter-wanderlust-concept-man-fur-coat-forest-macho-beard-mustache-strict-face-guy-trees-covered-snow-195323768.jpg
bearded+person+in+fur+coat	https://c8.alamy.com/comp/W2EBMC/old-bearded-man-with-long-white-beard-on-serious-face-with-makeup-in-fur-coat-holding-colorful-pheasant-bird-sunny-day-outdoor-W2EBMC.jpg
bearded+person+in+fur+coat	https://previews.123rf.com/images/prometeus/prometeus1704/prometeus170400583/76165571-fashion-shot-of-a-stylish-brutal-bearded-man-wearing-fur-coat-studio-shot-over-grunge-background-.jpg
bearded+person+in+fur+coat	https://st3.depositphotos.com/3584053/17481/i/1600/depositphotos_174818412-stock-photo-bearded-man-hipster-in-fur.jpg
bearded+person+in+fur+coat	https://media.istockphoto.com/photos/handsome-man-in-fur-coat-picture-id468573832
bearded+person+in+fur+coat	https://i.pinimg.com/originals/fd/6f/08/fd6f086cbb778ecaddf959b7e354884a.jpg
bearded+person+in+fur+coat	https://comps.canstockphoto.com/handsome-in-fur-coat-stock-image_csp47524663.jpg
bearded+person+in+fur+coat	https://previews.123rf.com/images/prometeus/prometeus1706/prometeus170600351/80050581-fashion-shot-of-a-stylish-brutal-bearded-man-wearing-fur-coat-studio-shot-over-grunge-background-.jpg
bearded+person+in+fur+coat	https://c8.alamy.com/comp/WAXFAJ/old-druid-bearded-man-with-long-beard-on-serious-face-and-hair-in-fur-coat-holding-white-sculpture-head-in-hands-with-ring-on-wooden-background-WAXFAJ.jpg
bearded+person+in+fur+coat	https://st2.depositphotos.com/3584053/7965/i/950/depositphotos_79654174-stock-photo-sullen-man-in-fur-coat.jpg
bearded+person+in+fur+coat	https://thumbs.dreamstime.com/z/woman-smiling-face-fur-coat-bearded-man-woman-smiling-face-black-fur-coat-bearded-man-luxury-shopping-135561279.jpg
bearded+person+in+fur+coat	https://image.shutterstock.com/z/stock-photo-old-druid-bearded-man-with-long-beard-on-serious-face-and-hair-in-fur-coat-holding-white-sculpture-747062776.jpg
bearded+person+in+fur+coat	https://fscomps.fotosearch.com/compc/CSP/CSP764/brutal-handsome-glum-unshaven-man-with-stock-photo__k34365577.jpg
bearded+person+in+fur+coat	https://images.freeimages.com/images/premium/previews/1948/19482577-standing-bearded-man-wearing-fedora-fur-coat-holding-pipe.jpg
bearded+person+in+fur+coat	https://thumbs.dreamstime.com/z/woman-black-fur-coat-bearded-man-dreamy-face-couple-love-holds-white-sable-chinchilla-coats-shopping-concept-strict-181104652.jpg
bearded+person+in+fur+coat	https://c8.alamy.com/comp/2ATRKB1/handsome-bearded-man-or-guy-in-winter-fur-coat-with-hood-has-fashionable-mustache-and-beard-on-serious-face-holds-valentines-red-heart-pillow-on-black-background-2ATRKB1.jpg
bearded+person+in+fur+coat	https://previews.123rf.com/images/tverdohlib/tverdohlib1710/tverdohlib171001070/87734867-old-bearded-man-with-long-silver-beard-and-moustache-in-fur-coat-holding-big-chainsaw-sunny-day-outd.jpg
bearded+person+in+fur+coat	https://i.pinimg.com/originals/cc/9b/30/cc9b30a19f89408ae198c5e6084d996e.jpg
bearded+person+in+fur+coat	https://st3.depositphotos.com/3584053/18354/i/1600/depositphotos_183549218-stock-photo-bearded-man-hipster-in-fur.jpg
bearded+person+in+fur+coat	https://media.istockphoto.com/photos/sexual-man-in-fur-coat-smoking-picture-id484057852
bearded+person+in+fur+coat	https://fscomps.fotosearch.com/compc/CSP/CSP581/man-in-fur-coat-stock-image__k48687973.jpg
bearded+person+in+fur+coat	https://previews.agefotostock.com/previewimage/medibigoff/85901ff63ff5a9ee3ecc6d76f562ec5c/esy-043725953.jpg
bearded+person+in+fur+coat	https://comps.canstockphoto.com/black-fur-coat-stock-photos_csp48416437.jpg
bearded+person+in+fur+coat	https://image.shutterstock.com/image-photo/fashion-shot-stylish-bearded-man-600w-637587577.jpg
bearded+person+in+fur+coat	https://upload.wikimedia.org/wikipedia/commons/c/c1/Frans_Floris_-_Portrait_of_a_bearded_man_in_a_fur_coat_and_black_hat.jpeg
bearded+person+in+fur+coat	https://previews.agefotostock.com/previewimage/medibigoff/4fb90f82e74ffd885e2449c2ea5bac44/fai-46634.jpg
bearded+person+in+fur+coat	https://static3.bigstockphoto.com/9/4/2/large1500/249953185.jpg
bearded+person+in+fur+coat	https://comps.gograph.com/young-person-in-fur-coat_gg84679906.jpg
bearded+person+in+fur+coat	https://previews.123rf.com/images/prometeus/prometeus1705/prometeus170500641/78422108-fashion-shot-of-a-stylish-brutal-bearded-man-wearing-fur-coat-studio-shot-over-grunge-background-.jpg
bearded+person+in+fur+coat	https://media.istockphoto.com/photos/brutal-man-in-fur-coat-picture-id486393012
bearded+person+in+fur+coat	https://c8.alamy.com/comp/WXR2PD/shopping-seller-customer-shopping-bearded-man-buy-fur-coat-WXR2PD.jpg
bearded+person+in+fur+coat	http://www.artnet.com/WebServices/images/ll03039lldNSbJFgSUECfDrCWvaHBOcZDxF/pieter-harmensz.-verelst-portrait-of-a-bearded-man-with-fur-coat.jpg
bearded+person+in+fur+coat	https://thumbs.dreamstime.com/z/woman-pink-coat-bearded-man-fur-shop-woman-pink-fur-coat-bearded-men-shop-girl-makeup-mink-fur-coat-136879685.jpg
bearded+person+in+fur+coat	https://res.cloudinary.com/fleetnation/image/private/c_fit,w_1120/g_south,l_text:style_gothic2:%C2%A9%20Yuri%20Iluhin,o_20,y_10/g_center,l_watermark4,o_25,y_50/v1455530987/eg9mbu5sakx3qumjsc17.jpg
bearded+person+in+fur+coat	https://res.cloudinary.com/twenty20/private_images/t_watermark-criss-cross-10/v1485855761000/photosp/b7316152-c911-4aa9-a91e-6794d4123fda/stock-photo-pink-people-male-man-person-young-model-carnival-style-b7316152-c911-4aa9-a91e-6794d4123fda.jpg
bearded+person+in+fur+coat	https://as2.ftcdn.net/jpg/02/02/09/47/500_F_202094768_xua5dyXPyh41qfvyB9BDYaRHawcyNfBB.jpg
bearded+person+in+fur+coat	https://image.shutterstock.com/image-photo/woman-pink-fur-coat-bearded-600w-1291783558.jpg
bearded+person+in+fur+coat	https://previews.123rf.com/images/prometeus/prometeus1705/prometeus170500970/79076770-fashion-shot-of-a-stylish-brutal-bearded-man-wearing-fur-coat-studio-shot-over-grunge-background-.jpg
bearded+person+in+fur+coat	https://st4.depositphotos.com/2760050/21050/i/1600/depositphotos_210507512-stock-photo-man-in-fur-coat-holds.jpg
bearded+person+in+fur+coat	https://comps.canstockphoto.com/guy-in-fur-coat-stock-photo_csp44924848.jpg
bearded+person+in+fur+coat	https://ssl.bigstockimages.com/5/5/2/large1500/255290560.jpg
bearded+person+in+fur+coat	https://static2.bigstockphoto.com/3/6/2/large1500/263347447.jpg
bearded+person+in+fur+coat	https://thumbs.dreamstime.com/z/bearded-men-sexy-women-fur-coat-couple-love-romantic-date-travel-business-trip-hitch-hiking-retro-collection-car-auto-143741744.jpg
african+person+fur+clothing	https://d279m997dpfwgl.cloudfront.net/wp/2019/03/IMG_0589-e1551711522339-1000x1180.jpg
african+person+fur+clothing	https://static01.nyt.com/images/2019/01/31/fashion/31FUR1/31FUR1-superJumbo-v2.jpg
african+person+fur+clothing	https://d279m997dpfwgl.cloudfront.net/wp/2019/03/AP_19031558773838.jpg
african+person+fur+clothing	https://static01.nyt.com/images/2019/01/31/fashion/31FUR4/merlin_148714461_7f00a1a2-7f83-4860-995d-15c19e79a6cc-jumbo.jpg
african+person+fur+clothing	https://i.pinimg.com/236x/23/f1/83/23f1831e4154ecb83a0c96c4a7612885.jpg
african+person+fur+clothing	https://i.pinimg.com/236x/65/9d/44/659d44699fbe8abc5e1f0435d82c708b.jpg
african+person+fur+clothing	https://i.pinimg.com/564x/3d/de/89/3dde890950976ad89ad7a57ff807d769.jpg
african+person+fur+clothing	https://media.istockphoto.com/photos/its-this-big-picture-id184910757
african+person+fur+clothing	https://static.messynessychic.com/wp-content/uploads/2020/02/The_negro_who_reached_the_Pole.jpg
african+person+fur+clothing	https://static01.nyt.com/images/2019/01/31/fashion/31FUR6/merlin_149951085_f7eb4bc6-78a7-4dfa-b39c-fe87e6ce5ce2-jumbo.jpg
african+person+fur+clothing	https://static.independent.co.uk/s3fs-public/thumbnails/image/2019/10/04/12/press-shot-toya-delazy-credit-augustin.png?width=982&height=726
african+person+fur+clothing	https://i.pinimg.com/564x/07/14/48/0714484c0e8b8d79c5d48acee421fdd0.jpg
african+person+fur+clothing	https://c8.alamy.com/comp/JAEAMJ/young-african-american-wearing-winter-clothing-but-feeling-cold-in-JAEAMJ.jpg
african+person+fur+clothing	https://c8.alamy.com/comp/DGEEMG/young-african-american-wearing-winter-clothing-but-feeling-cold-in-DGEEMG.jpg
african+person+fur+clothing	https://lookaside.fbsbx.com/lookaside/crawler/media/?media_id=10158081528493850
african+person+fur+clothing	https://media.istockphoto.com/photos/mature-african-man-in-warm-clothing-smiling-at-camera-picture-id187571444
african+person+fur+clothing	https://www.familysearch.org/blog/en/wp-content/uploads/sites/2/2020/06/1920s-fashion-actors-1.jpg
african+person+fur+clothing	https://i.pinimg.com/236x/57/57/87/575787983862407c02fa63a490389ce8.jpg
african+person+fur+clothing	https://static.messynessychic.com/wp-content/uploads/2020/02/01matthewhenson.jpg
african+person+fur+clothing	https://upload.wikimedia.org/wikipedia/commons/a/a4/KangaSiyu1.jpg
african+person+fur+clothing	https://st.focusedcollection.com/9163412/i/650/focused_241470302-stock-photo-handsome-african-american-man-stylish.jpg
african+person+fur+clothing	https://media.gq.com/photos/5ed814dc3304287574b9546b/1:1/w_3204,h_3205,c_limit/Pyer%20Moss%20gq%20june%202020%20Black-Owned%20Labels%20Shops,%20and%20Businesses%20to%20Support%20Right%20Now.jpg
african+person+fur+clothing	https://i.pinimg.com/originals/3f/1b/72/3f1b728a28a9b7f53e3ed3eeae564dbf.jpg
african+person+fur+clothing	https://lexifashion-mwtomisqy1nmjeydzir.netdna-ssl.com/media/catalog/product/j/k/jkt-093-4-black-high-shine-wet-vinyl-look-faux-fur-hood-jacket.jpg
african+person+fur+clothing	https://lookaside.fbsbx.com/lookaside/crawler/media/?media_id=1758274794465832
african+person+fur+clothing	https://ichef.bbci.co.uk/images/ic/1920x1080/p077wbjs.jpg
african+person+fur+clothing	https://st.focusedcollection.com/9163412/i/650/focused_241469298-stock-photo-stylish-african-american-man-fur.jpg
african+person+fur+clothing	https://hips.hearstapps.com/hmg-prod.s3.amazonaws.com/images/black-design-1-1595517473.jpg
african+person+fur+clothing	https://img.huffingtonpost.com/asset/5c61cebd2400003e034a89c7.jpeg?ops=scalefit_720_noupscale
african+person+fur+clothing	https://imageproxy.themaven.net//https%3A%2F%2Fwww.history.com%2F.image%2FMTc0NDI5MTgyNjc4Mjc5ODE0%2Fnannie-helen-burroughs-gettyimages-640459749.jpg
african+person+fur+clothing	https://zdmkdcwjde3qmy1sxutql6lo-wpengine.netdna-ssl.com/wp-content/uploads/2020/12/23645783_web1_201215-SNE-Missing-HART-Jacket-seanhart_2.jpg
african+person+fur+clothing	https://cdn.cfr.org/sites/default/files/styles/full_width_xl/public/image/2019/07/Zimbabwe-Cecil-Lion-Poaching-Trophy-West.jpg?h=79a3c10a
african+person+fur+clothing	https://cms.qz.com/wp-content/uploads/2016/04/a-trader-selling-second-hand-clothing-in-gikomba-market-in-nairobi-kenya-e1480359636563.jpg?quality=75&strip=all&w=410&h=229
african+person+fur+clothing	https://www.jenmansafaris.com/wp-content/uploads/2014/04/Masai.jpg
african+person+fur+clothing	https://www.stylerave.com/wp-content/uploads/2020/01/56C69E24-1A16-4AD3-A49C-D076DACCC1D2-e1579125490403.jpg
african+person+fur+clothing	https://edited.com/wp-content/uploads/2020/06/Josephine-Baker.png
african+person+fur+clothing	https://i0.wp.com/africaneyereport.com/wp-content/uploads/2020/01/1470645212309_2175217885730.jpg?ssl=1
african+person+fur+clothing	https://static01.nyt.com/images/2019/01/31/fashion/31FUR5/merlin_149951094_118f14b3-e74a-4d34-b2ce-47f9ea8c3ccd-jumbo.jpg
african+person+fur+clothing	https://media.istockphoto.com/photos/portrait-of-beautiful-african-woman-in-fur-jacket-picture-id1054836582?k=6&m=1054836582&s=170667a&w=0&h=sxJeYsZTo0Fr7CH8xpQ6ewCFz3hDwAnRKBqA0jEQQGw=
african+person+fur+clothing	http://cdn.cnn.com/cnnnext/dam/assets/190617131139-zanele-muholi-4.jpg
african+person+fur+clothing	https://d279m997dpfwgl.cloudfront.net/wp/2019/03/AP_390409066.jpg
african+person+fur+clothing	https://upload.wikimedia.org/wikipedia/commons/thumb/5/52/Canadian_man_fur_coat_1910.jpeg/170px-Canadian_man_fur_coat_1910.jpeg
african+person+fur+clothing	https://c.files.bbci.co.uk/D724/production/_114667055_05-tariqzaidisapeurs.jpg
african+person+fur+clothing	https://cms.qz.com/wp-content/uploads/2015/03/ap8012150135.jpg?quality=75&strip=all&w=450&h=661&crop=1
african+person+fur+clothing	https://lookaside.fbsbx.com/lookaside/crawler/media/?media_id=1939126939526016
african+person+fur+clothing	https://img.huffingtonpost.com/asset/5c5d9ebe2400007002a1bd74.jpeg?ops=scalefit_720_noupscale&format=webp
african+person+fur+clothing	https://assets.teenvogue.com/photos/5930182fd501ea33adbbda08/1:1/w_2357,h_2357,c_limit/GettyImages-689797212.jpg
african+person+fur+clothing	https://static.highsnobiety.com/thumbor/hMoE5A2oh_YroJyUPtl9JWugsCs=/1600x2000/static.highsnobiety.com/wp-content/uploads/2018/10/01165020/influence-hip-hop-4.jpg
african+person+fur+clothing	https://cdn.shopify.com/s/files/1/0247/5114/5035/files/rect4535_fd920694-1dd2-4309-adae-6f8c39e2ed70_480x480.png?v=1602111289
african+person+fur+clothing	https://i0.wp.com/shoppeblack.us/wp-content/uploads/2019/02/51588879_1308405832632102_5805060187907686400_n.jpg?resize=768%2C960&ssl=1
perchten	https://media04.meinbezirk.at/article/2018/11/18/0/16879410_XXL.jpg
perchten	https://cdn.salzburgerland.com/de/wp-content/uploads/2016/08/bischofshofen-perchtenlauf-1170x658.jpg
perchten	https://www.seehof-mondsee.com/blog/wp-content/uploads/2019/12/schiachpercht-oesterreichisches-brauchtum-pixabay.jpg
perchten	https://upload.wikimedia.org/wikipedia/commons/c/c5/Perchtenmaske.jpg
perchten	https://lookaside.fbsbx.com/lookaside/crawler/media/?media_id=2679174802162057
perchten	https://www.salzburg24.at/http-www-salzburg24-at-2013-11-krampus11-jpg/475x370/44.213.527
perchten	https://lookaside.fbsbx.com/lookaside/crawler/media/?media_id=232676528931
perchten	https://media04.meinbezirk.at/article/2019/11/21/5/22057695_L.jpg?1574327624
perchten	https://www.salzburg.info/01-das-ist-salzburg/0105-advent/image-thumb__38889__slider-main/perchten-06.jpg
perchten	https://media.kleinezeitung.at/images/uploads_520/5/d/6/5133782/99C78241-42BA-4449-8C2E-15CD9A785544_v0_h.jpg
perchten	https://www.christkindlmarkt.cc/images/content/99851_11746_1_C_1170_659_1929_1430918/dsc-8833.jpg
perchten	https://www.blog.tirol/wp-content/uploads/2018/11/Seid%C3%A4-Pass-2017-Fotos-Lea-Neuhauser-15NEU-1440x998.jpg
perchten	https://www.sueddeutsche.de/image/sz.1.3800812/704x396?v=1513795232
perchten	https://www.hallo-muenchen.de/bilder/2017/01/04/7192160/606734768-costumed-participants-perform-during-traditional-perchten-parade-osterseeon-2hef.jpg
perchten	https://www.salzburg.info/01-das-ist-salzburg/0105-advent/3000x1000/image-thumb__38893__headerimage/krampus-christkindlmarkt-02.jpg
perchten	https://www.austriadirect.com/wp-content/uploads/salzkammergut_perchten.jpg
perchten	https://www.weekend.at/sites/default/files/styles/facebook/public/2020-06/67205169-940Perchten_GettyImages-637148398_0.jpg?h=74ca0627&itok=7B1j2Ga5
perchten	https://i.ytimg.com/vi/qRM2PdDdOOs/maxresdefault.jpg
perchten	https://www.kreisbote.de/bilder/2019/11/25/13246713/2009192295-perchtenlauf-diessen-ammersee-2Kea.jpg
perchten	https://i.pinimg.com/originals/cd/96/9d/cd969d9e958c8bb3898abef845b4f89b.jpg
perchten	https://www.joska.com/images/full/perchten-hoerner.jpg
perchten	https://www.grazstadt.at/wp-content/uploads/2013/12/perchten-in-graz.jpg
perchten	https://www.css.de/blog/wp-content/uploads/2018/01/Perchtenlauf_920.jpg
perchten	https://www.phototrummer.at/wp-content/uploads/2016/11/Perchten-shooting_2016-_006.jpg
perchten	https://media04.meinbezirk.at/article/2019/12/10/6/22349406_L.jpg?1575979810
perchten	https://www.merkur.de/bilder/2018/12/27/10919791/589295056-mit-daemonischen-masken-ruten-und-fellen-koennen-perchten-ganz-schoen-angsteinfloessend-sein-sTeAXiVea.jpg
perchten	https://image.kurier.at/images/cfs_square_616/2336088/46-74830809.jpg
perchten	http://www.maskworld.com/wp/wp-content/uploads/2009/11/der-schrecken-im-schnee-c-wwwnockstoaperchtenat.jpg
perchten	https://www.leibnitzaktuell.at/wp-content/uploads/2019/11/familienfreundlich-lb-trabi-thomas.jpg_748308-e1573632521181.jpeg
perchten	https://www.5min.at/wp-content/uploads/2020/01/JHhLe8oA.jpeg
perchten	https://i.ytimg.com/vi/a9eVHWy1XmM/maxresdefault.jpg
perchten	https://www.joska.com/images/full/perchten_feuer_joska.jpg
perchten	https://www.laemmerhof.at/blog/wp-content/uploads/2010/01/perchten-in-lungotz.jpg
perchten	https://cdn.pixabay.com/photo/2020/03/04/10/05/perchten-4901180_960_720.jpg
perchten	https://blog.annaberg-lungoetz.com/wp-content/uploads/2014/01/IMG_1226.jpg
perchten	https://www.unesco.at/fileadmin/Redaktion/Kultur/IKE/IKE-DB/images/Gasteiner_Perchten_VI.jpeg
perchten	https://www.tennengau.com/magazin/wp-content/uploads/2019/12/Abtenauer-Perchten-cFabian-Gaertner-2-1024x683.jpeg
perchten	https://lookaside.fbsbx.com/lookaside/crawler/media/?media_id=1296888373768479
perchten	https://www.inshaas.at/wp-content/uploads/2019/11/dsc_4514b-3-900x600.jpg
perchten	https://www.krampuszeit.at/wp-content/uploads/2014/02/Kobernausserwald-Perchten-600x405.jpg
perchten	https://media.kleinezeitung.at/images/uploads_520/0/0/7/5316615/D6996E90-BE2D-4EDE-B0CD-3FBBFC196E4F_v0_h.jpg
perchten	https://www.laemmerhof.at/blog/wp-content/uploads/2010/01/gosauer-perchten.jpg
perchten	https://unterkaerntner.at/fileadmin/_processed_/0/7/csm_perchten_eaf9a265e4.jpg
perchten	https://image.kurier.at/images/cfs_landscape_616w_347h/2335302/46-66390102.jpg
perchten	https://www.christkindlmarkt.cc/images/content/99851_11747_1_C_1170_659_1929_1430932/dsc-8824.jpg
perchten	https://www.tennengau.com/magazin/wp-content/uploads/2019/12/Abtenauer-Perchten-cFabian-Gaertner-1-1024x683.jpeg
perchten	https://www.salzi.at/wp-content/uploads/2017/11/Perchten11.jpg
perchten	http://www.wochenblatt.de/media/2019/11/12/smt0212_201911121414_full.jpg
nikolaus+schweiz	https://www.livenet.ch/sites/default/files/media/203964-Nikolaus.jpg
nikolaus+schweiz	https://www.lebendige-traditionen.ch/tradition/de/home/traditionen/sankt-nikolaus-brauchtum-in-der-zentralschweiz/_jcr_content/par/slideshow/images/item/image.imagespooler.jpg/1561977031916/sankt-nikolaus_b01.jpg
nikolaus+schweiz	https://www.rolfpfischter.ch/img/samichlaus.jpg
nikolaus+schweiz	https://www.1815.ch/site/assets/files/0/76/01/45/985/3011_rz_4c_st_niklaus_graechen_tourismus.650x0n.jpg
nikolaus+schweiz	x-raw-image:///1df10539fedbdfd2a64671a99c3367ea4b1a66eda65362f8af8a5cf00f18e7ad
nikolaus+schweiz	https://img.luzernerzeitung.ch/https://nzz-regio-assets-prod.s3.amazonaws.com/2019/11/28/e1d87323-6371-4f37-bdd3-8efe4101945c.jpeg
nikolaus+schweiz	http://www.wir-klimaretter.de/images/stories/samichlausrigi.jpg
nikolaus+schweiz	https://c.nau.ch/i/nMAWy/680/weihnachten-samichlaus-nikolaus.jpg
nikolaus+schweiz	https://www.br.de/interkulturell/sinterklaas100~_v-img__16__9__l_-1dc0e8f74459dd04c91a0d45af4972b9069f1135.jpg?version=eb312
nikolaus+schweiz	https://www.familienleben.ch/images/Artikelbilderneu/Freizeit/Feste/St%20Nikolaus_600.jpg
nikolaus+schweiz	https://cdn.freizeit.ch/media/cache/default_block_widget/default/0001/39/38405_default_block_widget.jpg
nikolaus+schweiz	https://www.srf.ch/static/cms/images/640w/3a0a33.jpg
nikolaus+schweiz	https://c.nau.ch/i/gG8Wr/680/dr-samichlaus-chunnt.jpg
nikolaus+schweiz	https://www.familienleben.ch/images/Artikelbilderneu/Freizeit/Feste/Samichlaus%20und%20Schmutzli_600.jpg
nikolaus+schweiz	https://schoenstatt.ch/wp-content/uploads/2015/06/6363675207_fd71ef1459_o.jpg
nikolaus+schweiz	https://www.idowa.de/media.media.b3c8ae1f-c8ad-4b22-9f1e-7f905ea6ba43.bigthumbnail.jpg
nikolaus+schweiz	https://www.imago-images.de/bild/st/0054680843/w.jpg
nikolaus+schweiz	https://static.az-cdn.ch/__ip/P3j4H2IZTaWURClhHY1jIpiSNBg/c59de60cf521a9f66b8aa1a4cbb375dd2e1e6ab3/n-large-16x9-far
nikolaus+schweiz	http://www.bluepic.ch/nikolaus/bilder/2016/2016-1.jpg
nikolaus+schweiz	https://www.merkur.de/bilder/2015/11/11/5849085/1250857749-nikolaus-2018-5w8YL3fXrea.jpg
nikolaus+schweiz	https://i.pinimg.com/originals/55/64/8d/55648de275fb0a5073ba8afb5b8eb3df.jpg
nikolaus+schweiz	https://samichlaus-zuerich.ch/wp-content/uploads/2018/10/Startseiten_Bild.jpg
nikolaus+schweiz	https://upload.wikimedia.org/wikipedia/commons/e/ed/Gr%C3%B6sster_Niklolaus_der_Welt%2C_St._Niklaus%2C_Schweizer_Kanton_Wallis.jpg
nikolaus+schweiz	https://image.stern.de/4552452/16x9-1200-675/4c3d6d65f1d5c2b35fe99883c2105a38/Es/nikolaus-wissenstest-jpg--5e9d0893f50df90f-.jpg
nikolaus+schweiz	https://de.islcollective.com/preview/201912/f/st-nikolaus-in-der-schweiz-arbeitsblatter-luckentexte_120203_1.jpg
nikolaus+schweiz	http://www.bluepic.ch/nikolaus/bilder/Familie%20Ruettimann%20in%20Visp%202008.jpg
nikolaus+schweiz	https://landumusig.ch/wp-content/uploads/2015/12/samichlaus.jpg
nikolaus+schweiz	http://www.archivioradiovaticana.va/de/storico/2017/01/files/photo/2017/01/07/RV22403_Articolo.jpg
nikolaus+schweiz	https://www.imago-images.de/bild/st/0052807063/w.jpg
nikolaus+schweiz	https://c8.alamy.com/compde/kmnnb5/luzern-schweiz-2-dez-2017-st-nikolaus-durch-seinen-knecht-knecht-ruprecht-winken-zu-den-zuschauern-wird-wahrend-der-christmas-parade-gefolgt-kmnnb5.jpg
nikolaus+schweiz	http://2.bp.blogspot.com/-ZvafxJ1pyWI/UMIGvvo2HKI/AAAAAAAABQU/YSHaqZYcccM/s1600/2012-12-062.jpg
nikolaus+schweiz	https://static.az-cdn.ch/__ip/2Bn3ryGT9VqQmbVxIcXgoajiSqU/90d9488d2353ae669688e36477a00435103149ee/n-ch12-16x9-far
nikolaus+schweiz	https://www.newlyswissed.com/wp-content/uploads/2012/11/St-Nicholas-Wil-01.gif
nikolaus+schweiz	https://fsspx.ch/sites/sspx/files/styles/dici_image_full_width/public/news/heiliger_nikolaus.jpg?itok=nY409UPD
nikolaus+schweiz	https://bilder.t-online.de/b/89/06/86/76/id_89068676/c_Master-1-1-Large/tid_da/weihnachtsmann-in-den-usa-entstand-aus-der-historischen-figur-des-nikolaus-die-kunstfigur-der-weihnachtsmann-.jpg
nikolaus+schweiz	https://www.swissinfo.ch/resource/image/801936/landscape_ratio3x2/580/386/46ec54d3b6be53e2d1279284eeb55fc9/nB/sriimg20051124_6263709_0.jpg
nikolaus+schweiz	https://i0.gmx.ch/image/328/32043328,pd=2/nikolaustreffen-allgaeu.jpg
nikolaus+schweiz	https://www.ourswissexperience.com/wp-content/uploads/2019/12/Samichlaus-Lebkuchen-1-1024x768.jpg
nikolaus+schweiz	https://cms.vivat.de/themenwelten/upload/jk/nikolaus/nikolaus-kopflaternen-klausjagen_kna_160223-93-000149.jpg
nikolaus+schweiz	https://www.heiligenlexikon.de/Fotos/Nikolaus-Coca-Cola.jpg
nikolaus+schweiz	https://www.cathkathcatt.ch/d/wp-content/uploads/sites/2/2017/12/160223-93-000195.jpg
nikolaus+schweiz	https://www.deutsche-inflatable.de/WebRoot/Store20/Shops/17615662/MediaGallery/News_Blog/Skydancer_Schweiz_Dezember_Nikolaus_und_Puppe.jpg
nikolaus+schweiz	https://upload.wikimedia.org/wikipedia/commons/thumb/4/49/Basilika_Notre_Dame_und_Kathedrale_St._Nikolaus_in_Freiburg_%28Schweiz%29.jpg/896px-Basilika_Notre_Dame_und_Kathedrale_St._Nikolaus_in_Freiburg_%28Schweiz%29.jpg
nikolaus+schweiz	https://i.pinimg.com/originals/f4/c5/6e/f4c56e4809cd5b55c202e116d2960e15.jpg
nikolaus+schweiz	https://www.zdf.de/assets/nikolaus-im-schnee-100~3840x2160?cb=1502374269983
nikolaus+schweiz	https://www.planet-wissen.de/kultur/brauchtum/weihnachtsbraeuche/wfweihnachtsbmanngjpg100~_v-gseapremiumxl.jpg
nikolaus+schweiz	https://www.contakt-spuren.ch/.imaging/mte/contakt-spuren/280x170/dam/doubles/3-5_Webbild-Nikolaus-ganz_280x175-1.jpg/jcr:content/3-5_Webbild-Nikolaus-ganz_280x175-1.jpg
nikolaus+schweiz	https://c8.alamy.com/compde/m918g2/st-nikolaus-kirche-die-apostel-15-jahrhundert-fribourg-die-schweiz-m918g2.jpg
nikolaus+schweiz	https://www.basel-express.ch/images/ausgaben_2017_12-17/fotolia_91409368_s.jpg
nikolaus+schweiz	https://kostuem-jaeger.ch/wp-content/uploads/2015/09/samichlaus-kostuem.jpg
person+standing+in+front+of+door	https://as1.ftcdn.net/jpg/00/73/66/14/500_F_73661493_gbPKqQ0ngt2oQXFCJp1k9PBkdjr9f7RC.jpg
person+standing+in+front+of+door	https://c8.alamy.com/comp/C788MG/silhouette-of-a-man-standing-in-front-of-an-open-door-C788MG.jpg
person+standing+in+front+of+door	https://st3.depositphotos.com/2299955/14949/i/1600/depositphotos_149493202-stock-photo-mature-man-standing-in-front.jpg
person+standing+in+front+of+door	https://previews.123rf.com/images/enki/enki1303/enki130300009/18708238-business-man-standing-in-front-of-the-door.jpg
person+standing+in+front+of+door	https://image.freepik.com/free-photo/man-casual-outfit-standing-front-door_23-2148248475.jpg
person+standing+in+front+of+door	https://previews.123rf.com/images/dglimages/dglimages1705/dglimages170500043/78146911-happy-senior-man-standing-outside-the-front-door-of-his-home-he-has-his-arms-crossed-and-is-looking-.jpg
person+standing+in+front+of+door	https://c8.alamy.com/comp/C788NB/silhouette-of-a-man-standing-in-front-of-an-open-door-C788NB.jpg
person+standing+in+front+of+door	https://st.focusedcollection.com/14026668/i/1800/focused_183337978-stock-photo-mature-man-standing-front-door.jpg
person+standing+in+front+of+door	https://c8.alamy.com/comp/C3HKTA/young-woman-standing-at-front-door-C3HKTA.jpg
person+standing+in+front+of+door	https://cdn7.dissolve.com/p/D943_217_971/D943_217_971_1200.jpg
person+standing+in+front+of+door	https://image.shutterstock.com/image-photo/businessman-standing-front-closed-doors-260nw-145244965.jpg
person+standing+in+front+of+door	https://image.shutterstock.com/image-photo/man-standing-front-door-his-600w-53533051.jpg
person+standing+in+front+of+door	https://previews.123rf.com/images/andreypopov/andreypopov1909/andreypopov190900830/130637264-man-standing-in-front-of-the-house-knocking-the-door.jpg
person+standing+in+front+of+door	https://miro.medium.com/max/6000/1*vCUrCkp9nq1F1Cj6KQbTvw.jpeg
person+standing+in+front+of+door	https://thumbs.dreamstime.com/z/businessman-standing-front-doors-symbolizing-different-options-68758470.jpg
person+standing+in+front+of+door	https://comps.canstockphoto.com/businessman-standing-in-front-of-open-stock-image_csp65105763.jpg
person+standing+in+front+of+door	https://images.unsplash.com/photo-1519918609088-32b1dce446bc?ixlib=rb-1.2.1&ixid=MXwxMjA3fDB8MHxwaG90by1wYWdlfHx8fGVufDB8fHw%3D&auto=format&fit=crop&w=1000&q=80
person+standing+in+front+of+door	https://thumbs.dreamstime.com/z/young-business-man-front-open-door-28566415.jpg
person+standing+in+front+of+door	https://i.pinimg.com/originals/87/3a/65/873a65e1451798fa95eb5e545e04e9d8.jpg
person+standing+in+front+of+door	https://media01.living4media.com/largepreviews/MzkyOTE2MjU4/12674718-Person-standing-in-open-front-door.jpg
person+standing+in+front+of+door	https://images.unsplash.com/photo-1584837518777-f390f7ee742f?ixlib=rb-1.2.1&ixid=MXwxMjA3fDB8MHxwaG90by1wYWdlfHx8fGVufDB8fHw%3D&auto=format&fit=crop&w=1000&q=80
person+standing+in+front+of+door	https://c1.staticflickr.com/1/65535/50021768488_d1549ccdd7_b.jpg
person+standing+in+front+of+door	https://cloud.glstock.com/44744/3877155/handsome-young-man-standing-in-front-of-house-door.jpg
person+standing+in+front+of+door	https://images.pexels.com/photos/2573542/pexels-photo-2573542.jpeg?cs=srgb&dl=pexels-agung-pandit-wiguna-2573542.jpg&fm=jpg
person+standing+in+front+of+door	https://previews.agefotostock.com/previewimage/medibigoff/949db271ffdd4c72823c068052673227/bir-d021885r.jpg
person+standing+in+front+of+door	https://thumbs.dreamstime.com/z/man-front-open-door-success-concept-businessman-standing-concrete-interior-double-bright-light-73450059.jpg
person+standing+in+front+of+door	https://p0.pikrepo.com/preview/611/849/person-standing-in-front-of-door.jpg
person+standing+in+front+of+door	https://media.istockphoto.com/vectors/man-standing-in-front-of-3-closed-doors-the-choice-of-life-path-man-vector-id1136367909
person+standing+in+front+of+door	https://media.gettyimages.com/photos/young-man-standing-in-front-of-a-closed-door-picture-id79757309
person+standing+in+front+of+door	https://media.istockphoto.com/photos/man-standing-in-front-of-a-very-big-door-picture-id178762419
person+standing+in+front+of+door	https://comps.canstockphoto.com/man-standing-in-front-of-key-door-on-picture_csp20451210.jpg
person+standing+in+front+of+door	https://previews.123rf.com/images/ferli/ferli1802/ferli180200340/96253631-man-open-his-front-house-door-and-smiling.jpg
person+standing+in+front+of+door	https://image.shutterstock.com/z/stock-photo-man-standing-in-front-of-elevator-s-door-139246562.jpg
person+standing+in+front+of+door	https://www.welovehomeblog.com/wp-content/uploads/2018/06/P5110320-768x1024.jpg
person+standing+in+front+of+door	https://images.unsplash.com/photo-1583663442906-b76ee2507adc?ixlib=rb-1.2.1&ixid=eyJhcHBfaWQiOjEyMDd9&auto=format&fit=crop&w=1000&q=80
person+standing+in+front+of+door	https://thumbs.dreamstime.com/z/person-standing-doormat-front-closed-door-word-welcome-written-93474968.jpg
person+standing+in+front+of+door	https://image.freepik.com/free-vector/business-woman-standing-front-three-doors-people-choosing-way_40876-1140.jpg
person+standing+in+front+of+door	https://d113wk4ga3f0l0.cloudfront.net/c?o=eJw1jcsOwiAQRf-FdUMH0LZ051-4axBoixQhPNIY47-Lr9ncnOSeOw-UfIlST1bf0Yh4exgI7VlLgfRAKCO8ErTwuQnO7AS06_A1LKj5q5circ7Vlt7hzSxrTtlLi40Ti064hM0LlXCIXhWZjb9V9ftuPs4z4xV3o_KKxoFDg1b9nvhB1i5sIuta3mtEJ6LVCgh6vgB0jzow&s=1a33e0edd35105a2f8c26cf014458895f50dd27c
person+standing+in+front+of+door	https://previews.123rf.com/images/psychoshadowmaker/psychoshadowmaker1612/psychoshadowmaker161200021/67271998-abstract-idea-with-a-person-standing-in-a-dark-room-in-front-of-a-opened-door-escape-opportunity-ent.jpg
person+standing+in+front+of+door	https://ak.picdn.net/offset/photos/5e1f3666d164c0404ea44547/medium/offset_892961.jpg?DFghwDcb?DFghwDcb
person+standing+in+front+of+door	https://st3.depositphotos.com/3508093/12896/i/950/depositphotos_128966576-stock-photo-portrait-of-man-standing-outside.jpg
person+standing+in+front+of+door	https://c8.alamy.com/comp/X45K8C/front-door-man-lean-think-half-portrait-flat-door-openly-door-frames-20-30-years-stand-wait-patience-patiently-quietly-seriously-calmly-equalised-inside-X45K8C.jpg
person+standing+in+front+of+door	https://c0.wallpaperflare.com/preview/79/252/837/man-standing-in-front-of-man-standing-near-door.jpg
person+standing+in+front+of+door	https://thumbs.dreamstime.com/z/3d-businessman-open-door-27360868.jpg
person+standing+in+front+of+door	https://media.gettyimages.com/photos/man-standing-in-front-of-half-open-door-picture-id816101872
person+standing+in+front+of+door	https://c.stocksy.com/a/2IYA00/z9/2515094.jpg
person+standing+in+front+of+door	https://comps.canstockphoto.com/young-business-man-in-front-of-an-open-stock-illustration_csp12274464.jpg
person+standing+in+front+of+door	https://envato-shoebox-0.imgix.net/f0b9/a05e-e201-43f0-9001-1277e25a768c/MON1246109.jpg?auto=compress%2Cformat&fit=max&mark=https%3A%2F%2Felements-assets.envato.com%2Fstatic%2Fwatermark2.png&markalign=center%2Cmiddle&markalpha=18&w=1600&s=fed9a8b168eefc488834ce78b8929061
person+standing+in+front+of+door	https://images.pexels.com/photos/3066797/pexels-photo-3066797.jpeg?cs=srgb&dl=pexels-cottonbro-3066797.jpg&fm=jpg
person+standing+in+front+of+door	https://previews.123rf.com/images/kamaga/kamaga0707/kamaga070700040/1372902-a-businessman-is-standing-in-front-of-an-open-door.jpg
