img_url	id	file_name
https://bilder.t-online.de/b/82/85/69/34/id_82856934/c_Master-1-1-Large/tid_da/mann-als-bischof-von-myra-verkleidet-der-6-dezember-gilt-als-todestag-des-heiligen-nikolaus-.jpg	216e0cf4-ca35-4a2f-9c59-1695209c8770	216e0cf4-ca35-4a2f-9c59-1695209c8770.jpeg
https://www.wn.de/var/storage/images/wn/startseite/muensterland/kreis-steinfurt/ochtrup/4055090-interview-mit-dem-nikolaus-gott-sei-dank-habe-ich-fleissige-helfer/112418543-10-ger-DE/Interview-mit-dem-Nikolaus-Gott-sei-Dank-habe-ich-fleissige-Helfer_image_1024_width.jpg	c6cac1da-2840-4951-ae86-cda84568fd08	c6cac1da-2840-4951-ae86-cda84568fd08.jpeg
https://bistummainz.de/export/sites/bistum/pfarrei/buettelborn/.galleries/Bilder-Pfarrei-St.-Nikolaus-von-der-Fluee-Buettelborn-NEU/Kirchenjahr-Nikolaus.jpg_834412207.jpg	9baabd5e-8151-4e68-a818-7dea8956a076	9baabd5e-8151-4e68-a818-7dea8956a076.jpeg
https://www.ideal-versicherung.de/magazin/wp-content/uploads/Nikolaus.jpg	6e3ac304-4970-4ede-867b-b676c2e0cb08	6e3ac304-4970-4ede-867b-b676c2e0cb08.jpeg
https://www.merkur.de/bilder/2014/12/06/4513140/878532222-nikolaus-weihnachtsmann-MlX6Qsy7Jec.jpg	12403aa6-fc08-437e-b42d-72a691ff2737	12403aa6-fc08-437e-b42d-72a691ff2737.jpeg
https://www.mein-oesterreich.info/brauchtum/bilder/Nikolaus.jpg	225ca3df-e5a2-4f30-9b0b-9ee69a873c12	225ca3df-e5a2-4f30-9b0b-9ee69a873c12.jpeg
https://i.pinimg.com/originals/4d/d0/dc/4dd0dc616a7aa28e89ccdf8d31607baa.jpg	d7964d63-973f-4bf6-aaf3-69e8a5b83e41	d7964d63-973f-4bf6-aaf3-69e8a5b83e41.jpeg
https://ais-akamai.rtl.de/masters/1532296/1686x0/fucbpy6q33nguj5xatnf67vgzy.jpg	5d00d2b9-2ff9-4a7d-a33a-1c298b027249	5d00d2b9-2ff9-4a7d-a33a-1c298b027249.jpeg
https://www.voxnews.online/fileadmin/wp-upload/2019/12/Nikolaus-Knecht-Ruprecht.jpg	a879e7b9-8073-41db-92bd-31a16a9e8aec	a879e7b9-8073-41db-92bd-31a16a9e8aec.jpeg
https://nikolausaktion.org/fileadmin/_processed_/1/0/csm_Steckbrief_55cd30d1de.jpg	b253f0eb-9007-44e2-8f8f-a8f4b5adef8d	b253f0eb-9007-44e2-8f8f-a8f4b5adef8d.jpeg
https://cdn2.familie.de/b4/6f/b6/b9ae8326bf94a3213f0ccae9ef_YyAxMTg0eDU5Mis4KzQwAnJlIDk1MCA0NzUDYmZiZTJmYTEwYWU=_nikolaus-lieder-1200x800-235868.png	41ba24a0-e8b6-4549-a9b7-a4dafe80331b	41ba24a0-e8b6-4549-a9b7-a4dafe80331b.jpeg
https://www.erzdioezese-wien.at/img/41/2b/6e43ff6ab9b02cafd7a7/Nikolaus_verteilt_Geschenke-goe_nikolaus3-ID25057.jpg	54bc56bd-8ffe-45bf-b46f-cf7ffab12a97	54bc56bd-8ffe-45bf-b46f-cf7ffab12a97.jpeg
https://img.zeit.de/wissen/2009-12/nikolaus/nikolaus-540x304.jpg/imagegroup/wide__450x253__mobile	07c25058-bbb3-4043-801d-5ba4aecb9840	07c25058-bbb3-4043-801d-5ba4aecb9840.jpeg
https://www.europark.at/assets/europark.at/news_events_aktion/_900x/Events_Details_Automatisiert_960x960Px_NikolausKrampus.jpg	7111082d-2db1-4ea7-a3c7-d4a22380680e	7111082d-2db1-4ea7-a3c7-d4a22380680e.jpeg
https://www.heise.de/tp/imgs/89/2/7/9/8/5/3/8/nikolaus-5-ba1b64c6927979b9.gif	9804b5c9-9697-4430-a1a1-0faeb7f66c72	9804b5c9-9697-4430-a1a1-0faeb7f66c72.gif
https://www.erzbistum-koeln.de/export/sites/ebkportal/.content/.galleries/magazin/nikolaus.jpg_689895137.jpg	5440287b-90e9-46b3-bb79-95ee48a07e25	5440287b-90e9-46b3-bb79-95ee48a07e25.jpeg
https://www.ndr.de/geschichte/nikolaus100_v-quadratl.jpg	132bf624-8a4d-45d1-971c-15f2fc2aeb49	132bf624-8a4d-45d1-971c-15f2fc2aeb49.jpeg
https://www.haz.de/var/storage/images/rnd/nachrichten/wissen/nikolaus-2018-was-genau-wird-heute-gefeiert/708987302-3-ger-DE/Nikolaus-2018-Was-genau-wird-heute-gefeiert_big_teaser_article.jpg	b4053604-aa6a-43a1-9bfb-a34d4cfddca4	b4053604-aa6a-43a1-9bfb-a34d4cfddca4.jpeg
https://1000things.b-cdn.net/wp-content/uploads/2016/12/saint-nicholas-2958541_1920-1.jpg	ea2b94f7-2ad4-45b9-8476-f524e2a6263f	ea2b94f7-2ad4-45b9-8476-f524e2a6263f.jpeg
https://www.sueddeutsche.de/image/sz.1.1038761/920x386?v=1527993272	c7faadcb-bbb7-4535-bad5-3711f636cfc0	c7faadcb-bbb7-4535-bad5-3711f636cfc0.jpeg
https://www.wunschfee.com/uploads/media_files/picture/orig/159/15926_378_82f118ef4871b218c22aa3a68f2693770b319d03.jpg	9c204bea-05c1-47bf-b365-26743cbd4eb7	9c204bea-05c1-47bf-b365-26743cbd4eb7.jpeg
https://images-tt-com.nmo.at/v2/assets.tt.com/im-content/images/b1d09134-2b35-51a4-95df-187e32bfbaef?p=eyJjcm9wIjp7InR5cGUiOiJwZXJjZW50IiwibGVmdCI6MCwidG9wIjowLCJ3aWR0aCI6MSwiaGVpZ2h0IjowLjg1NzE0Mjg1NzE0Mjg1NzF9LCJyZXNpemUiOnsid2lkdGgiOjg1OCwiaGVpZ2h0Ijo0ODMsImZpdCI6ImNvdmVyIn19	a35ce7ef-6252-4605-ab54-6f307eecde73	a35ce7ef-6252-4605-ab54-6f307eecde73.jpeg
https://www.dw.com/image/18843409_401.jpg	76e8f731-6e9b-422a-be64-f808f9ff103e	76e8f731-6e9b-422a-be64-f808f9ff103e.jpeg
https://www.alpenlaendische-spezialitaeten.tirol/blog/alpenstammtisch/wp-content/uploads/2016/11/2016-11-30-KrampusNikolaus.jpg	9539df45-e544-4bea-aa25-3d6b957bd72a	9539df45-e544-4bea-aa25-3d6b957bd72a.jpeg
https://media04.meinbezirk.at/article/2020/11/30/3/25046363_L.jpg?1606760597	3f2cd971-79f3-40c5-b0b2-0c82201215a4	3f2cd971-79f3-40c5-b0b2-0c82201215a4.jpeg
https://learnattack.de/journal/wp-content/uploads/2015/12/nikolaus-brauch-1024x683.jpg	f5cd24a8-5430-46c1-9e0f-c5284c239154	f5cd24a8-5430-46c1-9e0f-c5284c239154.jpeg
https://m.faz.net/media1/ppmedia/aktuell/rhein-main/710723586/1.6519153/mmobject-still_full/von-drauss-vom-walde-kommt-er.jpg	d9f696b8-7f68-4ff1-8247-da3300b6ca08	d9f696b8-7f68-4ff1-8247-da3300b6ca08.jpeg
https://images.derstandard.at/img/2016/12/07/nikolausArtikelbild001.jpg?w=750&s=c49ddc04	10b0a19a-d2ed-4e54-b87f-61d488f18be2	10b0a19a-d2ed-4e54-b87f-61d488f18be2.jpeg
https://praxistipps-images.chip.de/0aQ3fpo4suYeLTdROXq8MXst1-I=/0x0/filters:format(jpeg):fill(fff,true):no_upscale()/contentlounge-s3.bf-contentlounge-production.aws.bfops.io%2Fstyles%2Fmanual_crop%2Fs3%2F2020-12%2F54675819.jpg	c204789d-4f9e-4ec1-984c-b0025ac89a38	c204789d-4f9e-4ec1-984c-b0025ac89a38.jpeg
https://www.uni-hamburg.de/12178935/korn733-3c283c54876f3f96780051e6cd355512ddfe1439.jpg	f5d4d63f-c8af-4be9-ae6e-f5852e831908	f5d4d63f-c8af-4be9-ae6e-f5852e831908.jpeg
https://www.lu-wi.at/wp-content/uploads/Nikolaus.png	2e045f7c-9f38-4c46-85e8-cebb5862ff57	2e045f7c-9f38-4c46-85e8-cebb5862ff57.png
https://www.zdf.de/assets/nikolaus-im-schnee-100~3840x2160?cb=1502374269983	dbd8c78f-ae22-4c14-8d80-45bd85527394	dbd8c78f-ae22-4c14-8d80-45bd85527394.jpeg
https://www.merkur.de/bilder/2015/11/11/5849085/1250857749-nikolaus-2018-5w8YL3fXrea.jpg	ae99459b-9f63-4153-b47d-260f9776f744	ae99459b-9f63-4153-b47d-260f9776f744.jpeg
https://www.ndr.de/geschichte/nikolaus100_v-contentxl.jpg	7270a804-5041-42f9-a482-301d7d0b7ea4	7270a804-5041-42f9-a482-301d7d0b7ea4.jpeg
https://le-cdn.website-editor.net/737da8f8f27d46beaf448f9e3854dd4e/dms3rep/multi/opt/00-850e6eb3-640w.jpg	e42c5c09-3a51-4625-8eec-3ea8ae1e1404	e42c5c09-3a51-4625-8eec-3ea8ae1e1404.jpeg
https://www.hohenems.at/website/uploads/images/07/369x369/nikolaus-3.jpg?v=2	0d0a3ea7-36df-4eaa-b3e2-90a35bf0a363	0d0a3ea7-36df-4eaa-b3e2-90a35bf0a363.jpeg
https://ais-akamai.rtl.de/masters/1302068/1686x0/buc6zaxmu5us52ou4odinprzjm.jpg	7ca00866-c13b-43b3-a21d-8af8ef82d710	7ca00866-c13b-43b3-a21d-8af8ef82d710.jpeg
https://www.br.de/interkulturell/sinterklaas100~_v-img__16__9__l_-1dc0e8f74459dd04c91a0d45af4972b9069f1135.jpg?version=eb312	f334b32c-61c1-40a6-a879-6e166e56ce2a	f334b32c-61c1-40a6-a879-6e166e56ce2a.jpeg
http://www.wunschfee.com/uploads/media_files/picture/big/921/9217_607_a1cb0e548c6c7fce52e0e3adf15f14a2f5d5b98b.jpg	565dc733-8ee8-4e65-a46d-9488a118fe96	565dc733-8ee8-4e65-a46d-9488a118fe96.jpeg
https://www.katholisch.at/img/d5/79/d51c2ab836faf9f1aa07/_Fairer_Nikolaus__der_Katholischen_M_nnerbewegung-asset-3d98dda8c6e845610a7b.jpg	65880576-2d6c-4233-8b43-56e4e86ca829	65880576-2d6c-4233-8b43-56e4e86ca829.jpeg
https://aqqkowuysp.cloudimg.io/v7/_gp3_/multimedia/39/153/93/121344385041.jpg	c469e661-de72-424e-953b-b7b56b6bd8bc	c469e661-de72-424e-953b-b7b56b6bd8bc.jpeg
https://www.mrshea.com/germusa/images/nikolaus.jpg	7ed93e40-4701-40b0-baf1-4cb502697c98	7ed93e40-4701-40b0-baf1-4cb502697c98.jpeg
https://cdn.prod.www.spiegel.de/images/d5e8bfb4-0001-0004-0000-000001431527_w948_r1.77_fpx60.63_fpy53.jpg	aed8135d-04f6-4e30-bbe3-1f129ace5183	aed8135d-04f6-4e30-bbe3-1f129ace5183.jpeg
https://www.edreams.de/blog/wp-content/uploads/sites/2/2012/11/nikolausstiefel-nikolaus-564x566.jpg	1257bfb7-bc2f-49ca-b7b3-bf547f668528	1257bfb7-bc2f-49ca-b7b3-bf547f668528.jpeg
https://img.br.de/b516a6eb-ea56-4d21-844f-3942e86a247a.jpeg?q=80&rect=1481,257,2466,1388	53603505-bd6c-477f-ae1c-66efb91509b0	53603505-bd6c-477f-ae1c-66efb91509b0.jpeg
https://static2.infranken.de/storage/image/4/6/9/9/3589964_artikel-detail-bild_1vOCyP_COSVFQ.jpg	5c8bb64e-bba9-4617-9a8f-60a9dbdbebd6	5c8bb64e-bba9-4617-9a8f-60a9dbdbebd6.jpeg
https://www.erzbistum-koeln.de/export/sites/ebkportal/.content/.galleries/magazin/nikolaus-2.jpg_136089108.jpg	11abff3c-c02c-4c08-b728-f727fc5be9ea	11abff3c-c02c-4c08-b728-f727fc5be9ea.jpeg
https://www.kirchenzeitung.at/storage/img/ed/3d/asset-aa3c3c57e3913c7525b4.jpg	b0cecac0-74d7-4488-b3d7-ce28227a83be	b0cecac0-74d7-4488-b3d7-ce28227a83be.jpeg
https://aiswetter-a.akamaihd.net/masters/1523490/2582x1453/so-bringt-der-nikolaus-die-kinderaugen-2020-zum-strahlen.jpg	5fbcbd64-1e9d-49f1-b417-e1254bf521c0	5fbcbd64-1e9d-49f1-b417-e1254bf521c0.jpeg
https://cf.katholisch.de/fotolia_30829326_ikone_heiliger_nikolaus_1900.jpg	4b5e0c18-ddda-46ba-bc49-461a50157e1f	4b5e0c18-ddda-46ba-bc49-461a50157e1f.jpeg
https://www.muenchen.de/media/va-2017/krampus-2017/krampus3-2017.jpg	a8da4457-ffec-4f8f-be81-7d19f0e0f84f	a8da4457-ffec-4f8f-be81-7d19f0e0f84f.jpeg
https://www.salzburg.info/01-das-ist-salzburg/0105-advent/image-thumb__38884__slider-main/krampus-christkindlmarkt-04.jpg	cb129c19-c115-4ef3-ac0c-37ebf6d3dbc3	cb129c19-c115-4ef3-ac0c-37ebf6d3dbc3.jpeg
https://upload.wikimedia.org/wikipedia/commons/2/22/Krampus_at_Perchtenlauf_Klagenfurt.jpg	a5f1cf8f-3b12-4c07-a810-a15d1eb525bc	a5f1cf8f-3b12-4c07-a810-a15d1eb525bc.jpeg
https://www.sn.at/wiki/images/thumb/1/1f/Krampuspercht.jpg/1200px-Krampuspercht.jpg	3bc70941-a85f-40a4-b1ea-7545174918ff	3bc70941-a85f-40a4-b1ea-7545174918ff.jpeg
https://www.merkur.de/bilder/2019/12/09/13282878/797800462-krampus-bad-toelz-krampuslauf-fHqGYilec.jpg	8dd7a1b3-9a68-4b7f-8df7-7be9ad0cc2df	8dd7a1b3-9a68-4b7f-8df7-7be9ad0cc2df.jpeg
https://www.eppan.com/images/content/1126344_51820_1_C_600_400_0_293331707/dsc-0119-001.jpg	53a0fd13-b76d-46d7-ae17-010eb43de552	53a0fd13-b76d-46d7-ae17-010eb43de552.jpeg
https://upload.wikimedia.org/wikipedia/commons/thumb/e/e4/Krampus_Salzburg_5.jpg/1200px-Krampus_Salzburg_5.jpg	771a3313-8f6a-40a0-ba5a-cc8413ca30de	771a3313-8f6a-40a0-ba5a-cc8413ca30de.jpeg
https://www.uebergossenealm.at/blog/wordpress/wp-content/uploads/2018/12/krampus-3009994_1920-1180x650.jpg	8f5d6be2-f577-4093-9ff6-e0728d950588	8f5d6be2-f577-4093-9ff6-e0728d950588.jpeg
https://i.ytimg.com/vi/96xCHeWGbBA/maxresdefault.jpg	9909f4eb-6b92-472b-8770-6fa82db63158	9909f4eb-6b92-472b-8770-6fa82db63158.jpeg
https://upload.wikimedia.org/wikipedia/commons/7/72/Krampus_Salzburg_with_bishop_and_angel.jpg	b120f6c4-2d3b-48c0-a695-d6ec0447181f	b120f6c4-2d3b-48c0-a695-d6ec0447181f.jpeg
https://bilder.t-online.de/b/84/79/47/26/id_84794726/610/tid_da/krampus-unartige-kinder-kommen-der-sage-nach-in-die-butte-die-auf-dem-ruecken-der-schreckgestalt-befestigt-ist-.jpg	663a5bde-faa6-404a-afe7-2444b16b63d2	663a5bde-faa6-404a-afe7-2444b16b63d2.jpeg
https://www.oebb.at/thumbnails/lokfinder.oebb.at/.imaging/default/dam/unsereoebb/gleisgeschichten/krampus/Ferlacher-Krampuszug-03457-2.jpg/jcr:content.jpg?t=1584098778078&scale=0.5	4a131777-9e15-40dc-8245-1328c688c8ee	4a131777-9e15-40dc-8245-1328c688c8ee.jpeg
https://www.tips.at/image/thumb/news/798683/490786/800x800x0/1575388339.7773-wehe-wenn-sie-losgelassen-krampus-und-perchtenlauf-action-in-ansfelden.jpg	56a9ffb3-3be9-4f2d-80ad-00963a4358a2	56a9ffb3-3be9-4f2d-80ad-00963a4358a2.jpeg
https://media04.meinbezirk.at/article/2019/12/13/4/22373814_L.jpg?1576230276	3ac67e24-221e-4cba-aaba-cd666db79916	3ac67e24-221e-4cba-aaba-cd666db79916.jpeg
https://image.kurier.at/images/cfs_616w/4018308/46-151343886.jpg	51a8e67e-e52c-4170-af3b-ef29147e2b72	51a8e67e-e52c-4170-af3b-ef29147e2b72.jpeg
https://www.mein-oesterreich.info/brauchtum/bilder/Krampus-01.jpg	1f46e610-6be6-45ba-87fd-a6c238f0bd46	1f46e610-6be6-45ba-87fd-a6c238f0bd46.jpeg
https://www.sn.at/miss-brauchtum-was-darf-der-krampus-41-85666448.jpg/640x/79.105.126	4ce9a42b-b39f-418c-8505-5cffe9091928	4ce9a42b-b39f-418c-8505-5cffe9091928.jpeg
https://1000things.b-cdn.net/wp-content/uploads/Krampus-Header-2000x1200.jpg	6995a47f-f53c-4dd2-bcd2-3d94b01bc3fe	6995a47f-f53c-4dd2-bcd2-3d94b01bc3fe.jpeg
https://i.ytimg.com/vi/Yjp-a7DrcB8/maxresdefault.jpg	26b026a7-7f54-498d-b7f5-0bc12220cdf1	26b026a7-7f54-498d-b7f5-0bc12220cdf1.jpeg
https://oekastatic.orf.at/mims/2020/44/13/crops/w=1280,q=90/736055_bigpicture_255513_image.jpg?s=b2e7f954b4101d40e522a632a4155452cb5e5c17	1af28071-5d7e-49b2-a56a-4fa0539862d3	1af28071-5d7e-49b2-a56a-4fa0539862d3.jpeg
https://www.salzburg.info/01-das-ist-salzburg/0105-advent/3000x1000/image-thumb__38893__headerimage/krampus-christkindlmarkt-02.webp	3183ffec-a210-4e86-856e-64d3f53cc6df	3183ffec-a210-4e86-856e-64d3f53cc6df
https://www.mostviertel.at/images/illjhz9gyhk-/perchten-zu-besuch-in-der-kartause-gaming.jpeg	9f22271a-c89e-48ec-a7bb-8c1a8d7f3441	9f22271a-c89e-48ec-a7bb-8c1a8d7f3441.jpeg
https://lp-cms-production.imgix.net/image_browser/Krampus-Day%201.jpg	54cb181e-5499-4074-8227-1709464225f5	54cb181e-5499-4074-8227-1709464225f5.jpeg
https://assets.dolomitenstadt.at/wp-content/uploads/2020/11/krampus-tischziachn-lienz-2018-c-brunner-680x460.jpg	0bcd478b-d399-4871-8cba-e995543a692f	0bcd478b-d399-4871-8cba-e995543a692f.jpeg
https://2qibqm39xjt6q46gf1rwo2g1-wpengine.netdna-ssl.com/wp-content/uploads/2019/12/19158606_web1_L1-191109-Oddmall-FS.jpg	fd463e58-1c38-4df9-b393-49d31afaebc7	fd463e58-1c38-4df9-b393-49d31afaebc7.jpeg
https://www.wilderkaiser.info/blog/media/Titelbilder/2015-11-22-der-krampus-ist-los-1.jpg	4cb99718-2683-4875-ae18-687907fdc342	4cb99718-2683-4875-ae18-687907fdc342.jpeg
https://www.lampenhaeusl.at/files/cto_layout/media/Blog/krampus/joc33iwhjoyh5isg3y4z.jpg	6d7e421f-5cb4-4abb-8259-644b0433db38	6d7e421f-5cb4-4abb-8259-644b0433db38.jpeg
https://images-na.ssl-images-amazon.com/images/I/81vyoXNo0EL._SL1500_.jpg	4354804f-003e-4da2-8d31-c1159f27116b	4354804f-003e-4da2-8d31-c1159f27116b.jpeg
https://api.steiermark.antenne.at/media/static/krampuso_HsYE_ihAb-gLVSbiP8d.jpg?size=large	0620c409-f89e-4655-bd67-471d8a5db7fb	0620c409-f89e-4655-bd67-471d8a5db7fb.png
https://www.weekend.at/sites/default/files/styles/media_image/public/2020-06/67205169-940Perchten_GettyImages-637148398_0.jpg?itok=kYCq78tA	27935142-6531-418e-9c6f-918228f08c21	27935142-6531-418e-9c6f-918228f08c21.jpeg
https://news.usc.edu/files/2015/12/WEB_krampus_690.jpg	829249ab-2214-40ba-a151-0c7334fcb52e	829249ab-2214-40ba-a151-0c7334fcb52e.jpeg
https://images-na.ssl-images-amazon.com/images/I/51FZsAAQueL._SY445_.jpg	a86ed03d-03ab-4259-80c9-834841458ab5	a86ed03d-03ab-4259-80c9-834841458ab5.jpeg
https://blog.osttirol.com/wp-content/uploads/2018/11/Nikolaus_Krampus.jpg	3efee60e-c9ae-4b17-9257-7882360e7f54	3efee60e-c9ae-4b17-9257-7882360e7f54.jpeg
https://throneandvine.com/wp-content/uploads/2018/12/krampus-saint-nicholas.jpg	2f0d4008-fad8-4dfb-aa5d-98c62ce7bead	2f0d4008-fad8-4dfb-aa5d-98c62ce7bead.jpeg
https://media04.meinbezirk.at/article/2019/10/16/6/21560256_L.jpg?1571210733	c0a9982f-a4b4-4607-b028-bdcb3b5c7d34	c0a9982f-a4b4-4607-b028-bdcb3b5c7d34.jpeg
https://shoppingnord.at/wp-content/uploads/2018/10/Nikolaus.jpg	3021afec-de97-4f00-bd4a-4e8e6325484d	3021afec-de97-4f00-bd4a-4e8e6325484d.jpeg
https://image.kurier.at/images/cfs_landscape_616w_347h/3111220/46-87892439.jpg	f6450a73-2d60-4c96-b14f-56adb669d406	f6450a73-2d60-4c96-b14f-56adb669d406.jpeg
https://www.blog.tirol/wp-content/uploads/2018/11/Uderns-Bernhard-Aichner.jpg	d740daf3-add4-4c6f-8634-00f4b2a4e9e1	d740daf3-add4-4c6f-8634-00f4b2a4e9e1.jpeg
https://www.joglland-waldheimat.at/fileadmin/_processed_/7/6/csm_Rattener_Almteufel_mit_Nikolaus__c__Rattener_Almteufel_02a8382f21.jpg	f8471dc6-b328-4dc9-b084-f74ea885e33d	f8471dc6-b328-4dc9-b084-f74ea885e33d.jpeg
https://bilder.t-online.de/b/84/79/47/38/id_84794738/610/tid_da/krampustage-der-barmherzige-nikolaus-verkoerpert-das-gute-sein-begeleiter-krampus-das-boese-.jpg	25857d98-8702-4f89-bd03-21b9ab2f1a2c	25857d98-8702-4f89-bd03-21b9ab2f1a2c.jpeg
https://www.tips.at/image/thumb/news/779339/448058/800x800x0/1543420463.338-roman-salzer-ist-der-vielleicht-schoenste-krampus.jpg	1319167d-07d2-4c15-876f-53fb1a4a1d68	1319167d-07d2-4c15-876f-53fb1a4a1d68.jpeg
https://heute-at-prod-images.imgix.net/2020/9/1/00eb865d-afc0-4acb-8bb8-cc1e057d4c2a.jpeg?rect=0%2C248%2C4000%2C2000&auto=format,compress&w=640	20ecd0ad-3e49-429f-8840-0098f05c7979	20ecd0ad-3e49-429f-8840-0098f05c7979.jpeg
https://images.ichkoche.at/data/image/variations/496x384/3/krampus-gebaeck-rezept-img-28940.jpg	1428d233-5d4e-49ba-8a22-2f1fdfff6365	1428d233-5d4e-49ba-8a22-2f1fdfff6365.jpeg
https://www.best-of-zillertal.at/fileadmin/userdaten/Blog/10-12_2018/Krampus_blog_fell.JPG	65591e87-900b-4f2b-9192-c4d5b7a449da	65591e87-900b-4f2b-9192-c4d5b7a449da.jpeg
https://www.kronplatz.com/website/var/tmp/image-thumbnails/510000/519684/thumb__media-block-600/094_tvsand_krampus_-c-kottersteger_171208_di7r0472.jpeg	7d390119-91ce-4351-8637-64a784a9acce	7d390119-91ce-4351-8637-64a784a9acce.jpeg
https://www.erzdioezese-wien.at/img/4f/a6/4ef89d20b2e22e8c2dc8/Krampus-krampus.jpg	93bb7beb-5e0a-4da2-8761-7df1888e7eb4	93bb7beb-5e0a-4da2-8761-7df1888e7eb4.jpeg
https://www.salzburgerland.com/de/magazin/wp-content/uploads/2018/11/Klaus-der-kleine-Krampus-cover-2.jpg	e37acd7f-c302-4751-9a11-7a85635f6b9b	e37acd7f-c302-4751-9a11-7a85635f6b9b.jpeg
https://i.pinimg.com/originals/4c/77/ff/4c77ffcc3c3aec818076b8edeb87ee08.jpg	66653f2e-e2a9-4cb6-8aa2-8b35ce5ee490	66653f2e-e2a9-4cb6-8aa2-8b35ce5ee490.jpeg
https://cdn.vox-cdn.com/thumbor/Xj6juzuNQ3fDxR7didkJ2oqW78o=/0x0:4154x2716/1200x800/filters:focal(1703x1181:2367x1845)/cdn.vox-cdn.com/uploads/chorus_image/image/68433360/GettyImages_636193958.0.jpg	eb10a1a1-fc61-479b-a79a-c1d22685d152	eb10a1a1-fc61-479b-a79a-c1d22685d152.jpeg
https://www.verywellhealth.com/thmb/8cP6aiXXou8anRg37FTGD9vz1p8=/5100x3400/filters:fill(87E3EF,1)/woman-with-arms-outstretched-in-snow-102284321-59cd219ad088c00011d8e08f.jpg	d5efde7e-7eb6-4564-a385-80533e5363d5	d5efde7e-7eb6-4564-a385-80533e5363d5.jpeg
https://cdn.pixabay.com/photo/2016/02/21/19/44/child-1214194_960_720.jpg	d0cf2a01-b473-4bd4-a4e5-16f61884978b	d0cf2a01-b473-4bd4-a4e5-16f61884978b.jpeg
https://cdn.pixabay.com/photo/2016/01/07/18/38/person-1126304_960_720.jpg	d43d2fdf-1418-445b-bbfb-5d35f0393239	d43d2fdf-1418-445b-bbfb-5d35f0393239.jpeg
https://imgix.bustle.com/uploads/image/2018/10/30/891df91f-b797-41f2-88dc-b9472349bf70-stocksy_txp15e83c35qh8200_small_470245.jpg?w=1020&h=574&fit=crop&crop=faces&auto=format%2Ccompress&cs=srgb&q=70	e41a355b-df50-470d-a8c8-2f568eaec081	e41a355b-df50-470d-a8c8-2f568eaec081.jpeg
https://thetempest.co/wp-content/uploads/2017/12/photo-1481642402406-b7fa896b3ef9.jpg	afb8bde4-32e1-4930-93bd-3fdf4507f4e5	afb8bde4-32e1-4930-93bd-3fdf4507f4e5.jpeg
https://cdn.pixabay.com/photo/2015/07/28/09/28/winter-864124_960_720.jpg	d961b16f-6c4c-47b2-bf7e-2dbbdc69d576	d961b16f-6c4c-47b2-bf7e-2dbbdc69d576.jpeg
https://www.uchicagomedicine.org/-/media/images/ucmc/forefront/universal-image/winter-snow-universal-image-832x469.jpg?h=385&as=1&hash=26880E05AC9D23D707BD7AB22D1F7335	62383349-7f58-43b4-ae2d-9415c8270ca1	62383349-7f58-43b4-ae2d-9415c8270ca1.jpeg
https://nexter.org/wp-content/uploads/2020/11/winter.jpg	3e5d2d79-f339-46d1-83ed-1321ee797b3c	3e5d2d79-f339-46d1-83ed-1321ee797b3c.jpeg
https://www.active.com/Assets/Nutrition/620/fueling-for-cold-weather-runs.jpg	cf0aff56-e719-44a3-b799-95b04bdcf910	cf0aff56-e719-44a3-b799-95b04bdcf910.jpeg
https://cdn-prod.medicalnewstoday.com/content/images/articles/182/182197/a-person-can-become-disoriented.jpg	8792d45f-8554-4b73-914c-058c8965c643	8792d45f-8554-4b73-914c-058c8965c643.jpeg
https://www.verywellmind.com/thmb/VlPsQNCXpqO51TzrGJlsy7qgSzo=/3000x2001/filters:fill(ABEAC3,1)/layered-winter-walking-Jordan-Siemens-Stone-GettyImages-160078245-572533cb3df78ced1fd29a0d.jpg	5bed66e5-b8c5-4bba-8630-cfec782f1941	5bed66e5-b8c5-4bba-8630-cfec782f1941.jpeg
https://upload.wikimedia.org/wikipedia/commons/7/7a/Fashion-man-person-winter_%2824031044330%29.jpg	088ec9bd-51e4-454f-9145-3081c3078298	088ec9bd-51e4-454f-9145-3081c3078298.jpeg
https://s27922.pcdn.co/wp-content/uploads/2014/12/16110411841_431cfef888_b.jpg.optimal.jpg	399a8d03-97f8-4f2e-a4f3-5084b9287708	399a8d03-97f8-4f2e-a4f3-5084b9287708.jpeg
https://www.immigrant-education.ca/wp-content/uploads/2017/09/daniel-silva-gaxiola-481043-unsplash-1200x600.jpg	8bb1ce96-3db8-4f21-8f83-8995c8e1f50e	8bb1ce96-3db8-4f21-8f83-8995c8e1f50e.jpeg
https://hips.hearstapps.com/cos.h-cdn.co/assets/14/29/nrm_1405527709-skiers.jpg	e59f4942-512d-4612-bf1a-b57498fa55d6	e59f4942-512d-4612-bf1a-b57498fa55d6.jpeg
https://img.huffingtonpost.com/asset/5b9e7e4724000051009580e9.jpeg?ops=scalefit_720_noupscale	552165c0-01f6-4964-b9b8-8a855dea5e07	552165c0-01f6-4964-b9b8-8a855dea5e07.jpeg
http://www.chicagonow.com/hippy-shakes/files/2019/12/dude.jpg	157e690a-a7e4-498c-8910-18721b345187	157e690a-a7e4-498c-8910-18721b345187
https://www.apartments-obergurgl.at/typo3temp/assets/_processed_/c/9/csm_girls_istock_529483649_92302c0011.jpg	bea43334-8430-4bf2-8052-b348d1ecde27	bea43334-8430-4bf2-8052-b348d1ecde27.jpeg
https://www.mensjournal.com/wp-content/uploads/mf/_main_cold_0.jpg?w=1200&h=630&crop=1&quality=86&strip=all	23495a30-3718-42ec-a009-e72bb82ec403	23495a30-3718-42ec-a009-e72bb82ec403.jpeg
https://imgs.smoothradio.com/images/29289?crop=16_9&width=660&relax=1&signature=PRCbGl5t9Qu5zZOWA3k2dGoDZ94=	7b891937-eafd-46e7-a24c-80ba138688c4	7b891937-eafd-46e7-a24c-80ba138688c4.jpeg
https://thumbs-prod.si-cdn.com/1G0b-Xx9ZvZMc-QeTvT9frNNvkM=/420x240/https://public-media.si-cdn.com/filer/07/a3/07a31295-aab5-4d0b-9484-3838eb98e740/iced.jpeg	8fae130a-e323-4ac1-98a7-4589e155919a	8fae130a-e323-4ac1-98a7-4589e155919a.jpeg
https://assets.vogue.com/photos/5c4b5cb2d095602d0bb87ad8/master/w_2560%2Cc_limit/00-story-editors-winter-shoes.jpg	199a3193-f8d6-4012-9296-9f696345a0c0	199a3193-f8d6-4012-9296-9f696345a0c0.jpeg
https://hips.hearstapps.com/hmg-prod.s3.amazonaws.com/images/young-woman-jogging-in-winter-forest-royalty-free-image-962634300-1543593055.jpg?crop=1.00xw:0.751xh;0,0.0537xh&resize=640:*	3668feea-2476-4bcd-8c9e-19815dfe4a4d	3668feea-2476-4bcd-8c9e-19815dfe4a4d.jpeg
https://i1.wp.com/happiestoutdoors.ca/wp-content/uploads/2018/01/20170101-20170101-IMG_9927.jpg?fit=1048%2C682&ssl=1	bee8048c-74b2-43be-8b70-62b2e8abf78c	bee8048c-74b2-43be-8b70-62b2e8abf78c.jpeg
https://www.jack-wolfskin.com/dw/image/v2/AAQL_PRD/on/demandware.static/-/Sites-22021_HW20/default/dwc3d82284/large/everyday-winter-outfit-men.jpg?sw=1024&sh=1024&sm=fit&sfrm=jpg	bd049f7a-0b05-4fbc-880c-19f2d2de19f1	bd049f7a-0b05-4fbc-880c-19f2d2de19f1.jpeg
https://images.contentstack.io/v3/assets/blt45c082eaf9747747/blt69bf59ec0321edd0/5de0bac86058be017e1212bd/Header_training.jpg?format=pjpg&auto=webp&fit=crop&quality=76&width=1232&height=496	57158ba8-a013-4f77-9942-986744670c71	57158ba8-a013-4f77-9942-986744670c71.jpeg
http://images.agoramedia.com/wte3.0/gcms/Wardrobe-Staples-for-Winter-Pregnancies-01-722x406.jpg	468d01d3-e2e0-4889-8c85-fcf925403797	468d01d3-e2e0-4889-8c85-fcf925403797.jpeg
https://www.statnews.com/wp-content/uploads/2017/12/Boghosian_traininginsnow2_SPTS.jpg	d27f30eb-ba95-4809-87ab-5ab389992be2	d27f30eb-ba95-4809-87ab-5ab389992be2.jpeg
https://hips.hearstapps.com/hmg-prod.s3.amazonaws.com/images/winter-movies-1510775840.jpg	c7d162d2-af5d-4349-96d5-c6ca058bde06	c7d162d2-af5d-4349-96d5-c6ca058bde06.jpeg
https://www.ferienhotel-aussicht.at/andsrv/content/files/abm-www-ferienhotel-aussicht-at/resized/480x480m0.ski-short-trip-90.jpg	72903e84-b6f8-45c6-9573-3b3036ec6c1f	72903e84-b6f8-45c6-9573-3b3036ec6c1f.jpeg
https://www.health.harvard.edu/media/content/images/p6_Winter_MLDec18_gi922774874(1).jpg	c88c31f3-3a53-4afe-8495-9b4c320034da	c88c31f3-3a53-4afe-8495-9b4c320034da.jpeg
https://www.katschberg.at/assets/images/8/winteraktiv-b49316d1.jpg	90a628b7-61ee-407c-95ab-71a9a0231003	90a628b7-61ee-407c-95ab-71a9a0231003.jpeg
https://res-4.cloudinary.com/sharecare/image/upload/c_fill,f_auto,g_faces:center,h_340,w_600/v1511358886/slideshows/4-ways-winter-affects-your-diabetes-01	a370cf05-ab45-443c-88fa-f9f9178482e5	a370cf05-ab45-443c-88fa-f9f9178482e5.jpeg
https://static01.nyt.com/images/2020/11/22/multimedia/22ah-winterrunning/22ah-winterrunning-videoSixteenByNineJumbo1600.jpg	5f6edbbe-4e99-40fe-8e39-7e18c2b7ce1a	5f6edbbe-4e99-40fe-8e39-7e18c2b7ce1a.jpeg
https://www.kronelech.at/assets/images/2/LorraineShoot_Lech-Zuers-Toursimus_by_SeppMallaun-30_2000x1333px-46c380d2.jpg	d3613960-8a16-422d-8fa7-3cedbb71c797	d3613960-8a16-422d-8fa7-3cedbb71c797.jpeg
https://www.gannett-cdn.com/presto/2020/10/26/PDTF/5a47e93b-c31a-4636-a56d-c0cce71d3d56-102020_University_of_Michig.jpg?crop=2202,1405,x198,y195&width=660&height=422&format=pjpg&auto=webp	60bf8cde-3064-410e-ad89-e12faf2ecb14	60bf8cde-3064-410e-ad89-e12faf2ecb14.jpeg
https://images.simedia.cloud/cms-v2/CustomerData/721/Files/Images/aktivurlaub/winter/winterwandern.jpg/image.jpg?v=637242770681	db79553c-e07f-47fd-83e2-59ffa8b14e03	db79553c-e07f-47fd-83e2-59ffa8b14e03.jpeg
https://www.ontarioparks.com/parksblog/wp-content/uploads/2015/12/Arrowhead_Skating-825x510.jpg	7b421c7a-0593-487c-98a4-82e4a126452c	7b421c7a-0593-487c-98a4-82e4a126452c.jpeg
https://www.gaspingerhof.com/wp-content/uploads/2020/10/winter-ski-paar-schnee3-640x640.jpg	a3000150-de70-4d5c-a8bc-e8a0726931dc	a3000150-de70-4d5c-a8bc-e8a0726931dc.jpeg
https://www.incimages.com/uploaded_files/image/1920x1080/getty_183322258_9709679704500365_50653.jpg	f6b1bd4e-b54b-464b-9a1e-45cdcd4e20c3	f6b1bd4e-b54b-464b-9a1e-45cdcd4e20c3.jpeg
https://sivantos-media.azureedge.net/signia2017/wp-content/uploads/sites/74/2018/12/Ears-Ring-Cold-Weather_Blogpost-1560x520.jpg	06a7f66d-1f7e-45d2-a296-6fcc87960ba7	06a7f66d-1f7e-45d2-a296-6fcc87960ba7.jpeg
https://i0.wp.com/post.healthline.com/wp-content/uploads/2019/11/Male_Outside_Winter_1296x728-header-1-1296x728.jpg?w=1155&h=1528	10b13e85-b2e5-43b4-9f25-5df26d4931ce	10b13e85-b2e5-43b4-9f25-5df26d4931ce.jpeg
https://www.travelers.com/iw-images/resources/Weather/Large/SnowShoveling_large_image.jpg	e87b2b9a-ef99-4d73-b9c5-5ee21833f80d	e87b2b9a-ef99-4d73-b9c5-5ee21833f80d.jpeg
https://cms.qz.com/wp-content/uploads/2016/01/rtr3bvtn.jpg?quality=75&strip=all&w=1600&h=900&crop=1	e1df4950-7db7-4321-8276-d1c5ef63682e	e1df4950-7db7-4321-8276-d1c5ef63682e.jpeg
https://www.familyaustria.at/wp-content/uploads/2020/08/ssps-wintervorschau20-21-creditsnowspacesalzburg10-scaled.jpg	ffb57a8b-47a1-4503-818b-01eb0c585ee6	ffb57a8b-47a1-4503-818b-01eb0c585ee6.jpeg
https://upload.wikimedia.org/wikipedia/commons/7/7d/Sinterklaas_2007.jpg	dc7bebeb-58d2-4266-92ce-be47684a680c	dc7bebeb-58d2-4266-92ce-be47684a680c.jpeg
https://images0.persgroep.net/rcs/lEUxObYIszp138vnGJQyOMBQTts/diocontent/160866677/_fitwidth/763?appId=93a17a8fd81db0de025c8abd1cca1279&quality=0.8	e613ab04-4eae-44c0-b0fb-62da92696f67	e613ab04-4eae-44c0-b0fb-62da92696f67.jpeg
https://d2e03lv76xdi59.cloudfront.net/photos/b6cee3d5-638b-447a-921e-b9b68837be8c/intocht-sinterklaas-2019_900x450x.jpg	037d2426-6011-43d2-a85b-a8ed33c6edd6	037d2426-6011-43d2-a85b-a8ed33c6edd6.jpeg
https://eenvandaag.assets.avrotros.nl/_processed_/c/1/csm_706df5972b8b10936cb0_96bd07b9da.jpg	81befb1a-28b1-436e-ae53-a47ba6ac0549	81befb1a-28b1-436e-ae53-a47ba6ac0549.jpeg
https://images0.persgroep.net/rcs/Ix4B_IPkYl8LDMVR7a543wnQmhc/diocontent/178545464/_fitwidth/763?appId=93a17a8fd81db0de025c8abd1cca1279&quality=0.8	7a039365-5c23-4675-909c-09f872deb24c	7a039365-5c23-4675-909c-09f872deb24c.jpeg
https://static.arenalokaal.nl/uploads/32/c0/32c0b7d0165fe973181d886afed07890.jpeg	506c6e50-8a4d-4a70-95c5-3fea1ab72a66	506c6e50-8a4d-4a70-95c5-3fea1ab72a66.jpeg
https://static.grootsneek.nl/uploads/bd/1d/bd1dd5e9f61205be057bd5c37da2fb4c.jpeg	84981d92-8ad8-4f9c-acaa-bb3c4fe4ba42	84981d92-8ad8-4f9c-acaa-bb3c4fe4ba42.jpeg
https://upload.wikimedia.org/wikipedia/commons/7/7c/Intocht_van_Sinterklaas_in_Schiedam_2009_%284102602499%29_%282%29.jpg	e97a2c4b-bc93-41fe-9c7c-6e2b44086d96	e97a2c4b-bc93-41fe-9c7c-6e2b44086d96.jpeg
https://miro.medium.com/max/2500/1*IMOOQZlEC35-SefkjrQkHQ.jpeg	48968ec9-7d47-4e85-b5f0-c4dacf9d26aa	48968ec9-7d47-4e85-b5f0-c4dacf9d26aa.jpeg
https://www.elle.be/nl/wp-content/uploads/2015/12/1%C3%A0-fun-facts-over-sinterklaas-640x335.jpg	35035534-d435-4a19-a00b-c0a4c9ad9018	35035534-d435-4a19-a00b-c0a4c9ad9018.jpeg
https://www.rtlnieuws.nl/sites/default/files/styles/liggend_hoge_resolutie/public/content/images/2018/12/03/ANP-65868720.jpg?h=eb0e1f57&itok=btvAnkrs	ec5e7b38-0892-4ad5-bf16-5ba6a51d3cfe	ec5e7b38-0892-4ad5-bf16-5ba6a51d3cfe.jpeg
https://images4.persgroep.net/rcs/OYK6GGSKj1e4-tJuOg9kZbazkZk/diocontent/178962779/_fitwidth/694/?appId=21791a8992982cd8da851550a453bd7f&quality=0.8	6136d66c-475c-4cf5-9ceb-d9e0fe95afed	6136d66c-475c-4cf5-9ceb-d9e0fe95afed.jpeg
https://d2e03lv76xdi59.cloudfront.net/photos/7b5ee1ec-bfff-48bf-97a8-f7c90229e152/sinterklaas-bere-toch_1920x1280x.jpg	8ff1b4c9-db65-4a52-b1cd-88e634c81629	8ff1b4c9-db65-4a52-b1cd-88e634c81629.jpeg
https://www.expatica.com/app/uploads/media/upload/816752.jpg	301f5699-573d-4fb1-b3c6-3998abc7f5a2	301f5699-573d-4fb1-b3c6-3998abc7f5a2.jpeg
http://www.sinterklaasintochtleiden.nl/images/resized/440/images/sint_en_piet.png	2a124d45-17a4-454a-9577-17f7da5f96fe	2a124d45-17a4-454a-9577-17f7da5f96fe.png
https://www.ijmuiden.nl/wp-content/uploads/2019/11/sinterklaas-02.jpg	5699630c-c8d1-4734-a15d-2cd492786f32	5699630c-c8d1-4734-a15d-2cd492786f32.jpeg
https://indebuurt.nl/amersfoort/wp-content/uploads/2019/11/sinterklaas_118.jpg	543af28a-e29b-42f4-9e5c-2ed88906ca16	543af28a-e29b-42f4-9e5c-2ed88906ca16.jpeg
https://frieschdagblad.nl/binaries/content/gallery/frieschdagblad/2020/11/6/g5v1sm6vo.1-0.jpg	e18c77f1-cd59-43a5-9640-4f6677b0f074	e18c77f1-cd59-43a5-9640-4f6677b0f074.jpeg
https://hips.hearstapps.com/hmg-prod.s3.amazonaws.com/images/6-dingen-die-je-niet-wist-van-sinterklaas-1393-1544442234.jpg	9c80bf1d-d250-49fb-8314-6ea8035d5c06	9c80bf1d-d250-49fb-8314-6ea8035d5c06.jpeg
https://persgroep.pubble.cloud/d9c7ad83/content/2019/11/a07ab06e-c5d6-4033-96ad-3317ea4bbe19_thumb840.jpg	033dee70-acfe-4989-bff3-ada233234674	033dee70-acfe-4989-bff3-ada233234674.jpeg
https://www.checkditff.nl/web/wp-content/uploads/2017/10/sinterklaas-1024x600.jpg	ecef3d37-38c8-4b6f-95c9-0568b6947fdc	ecef3d37-38c8-4b6f-95c9-0568b6947fdc.jpeg
https://indebuurt.nl/apeldoorn/wp-content/uploads/2018/11/image-001-sinterklaas-2.jpg	7d2b1cff-5f71-4d26-924c-8b28c5102611	7d2b1cff-5f71-4d26-924c-8b28c5102611.jpeg
https://boekdesint.nl/wp-content/uploads/2020/08/FOTOSHOOT_SINT-JOCHEM_032-1.jpg	dd06b6ad-d1bf-4079-8cf5-40f6ef6ec0f9	dd06b6ad-d1bf-4079-8cf5-40f6ef6ec0f9.jpeg
https://images4.persgroep.net/rcs/YBPBWnF508okHU0jJok69n_0mBc/diocontent/159515328/_fitwidth/694/?appId=21791a8992982cd8da851550a453bd7f&quality=0.8	ccb6ec2b-53ad-4939-92c4-fafc67cc4b3e	ccb6ec2b-53ad-4939-92c4-fafc67cc4b3e.jpeg
https://images0.persgroep.net/rcs/rtmCUbyaZtHsuoQ4yPEv8KTLVIQ/diocontent/162052572/_fitwidth/763?appId=93a17a8fd81db0de025c8abd1cca1279&quality=0.8	cb02b0ea-02ad-45d3-b254-9cdf95e4cd68	cb02b0ea-02ad-45d3-b254-9cdf95e4cd68.jpeg
http://sinterklaasmuseum.com/wp-content/uploads/2016/11/Sinterklaasmuseum-1-1-van-1-900x600.jpg	2477a28c-3cdd-4206-95e9-134771d2e106	2477a28c-3cdd-4206-95e9-134771d2e106.jpeg
https://www.curiousmeredith.com/wp-content/uploads/2012/12/32721534762344111_IzX3pMou_c.jpg	3de4d492-907a-48af-a2e5-39b80dfd961b	3de4d492-907a-48af-a2e5-39b80dfd961b.jpeg
https://www.sinterklaas.nl/wp-content/uploads/2016/07/Sinterklaas-4.jpg	cad9d6bf-6b6a-443b-a1d1-5f29e47e8f84	cad9d6bf-6b6a-443b-a1d1-5f29e47e8f84.jpeg
https://www.rtlnieuws.nl/sites/default/files/styles/liggend/public/content/images/2020/11/14/ANP-425094834.jpg?h=5a6f6f2c&itok=gC0VmXw2	620fa9c7-0395-414e-aa11-813e9074416c	620fa9c7-0395-414e-aa11-813e9074416c.jpeg
https://storage.pubble.nl/648e3015/content/2019/11/8590b03f-ae25-4b56-b20c-9026c2c85b6a.jpg	5e391cb6-3161-43f6-9a6c-c710d7e1dbe8	5e391cb6-3161-43f6-9a6c-c710d7e1dbe8.jpeg
https://static.gva.be/Assets/Images_Upload/2020/11/07/ab49a7c6-193c-11eb-b2b5-c194db432163.jpg?maxheight=550&maxwidth=550&scale=both	ff7a79d8-180f-4e8b-a284-6dd98e79edfc	ff7a79d8-180f-4e8b-a284-6dd98e79edfc.jpeg
https://upload.wikimedia.org/wikipedia/commons/6/62/Sinterklaas_zwarte_piet.jpg	464939e0-515f-425c-9b5d-1bededb39538	464939e0-515f-425c-9b5d-1bededb39538.jpeg
https://static.deweekvantwenterand.nl/uploads/f3/bb/f3bb1c86c0b777f3b4dc3f3f1cb6b62d.jpeg	ab016476-afa0-4d4a-a077-843ee0e81251	ab016476-afa0-4d4a-a077-843ee0e81251.jpeg
https://imgw.rgcdn.nl/702b9ae2bbbc4aaf9a43cf35162c6a65/opener/Sinterklaas-in-Den-Haag-Foto-Richard-Mulder.jpg?v=bTIRMoUmnYH_7BsYQGRdBQ2	ba025731-991d-4b3c-8c46-6b2bf143a796	ba025731-991d-4b3c-8c46-6b2bf143a796.jpeg
https://www.uitinapeldoorn.nl/dynamic/media/2/images/Rob%20Voss%20Sinterklaas%20APeldoorn%20(1).Jpeg	a7182742-6eb2-4329-b20b-a1e690c8ed1f	a7182742-6eb2-4329-b20b-a1e690c8ed1f.jpeg
https://www.nederlandfeest.nl/wp-content/uploads/2019/11/Staff-van-Sinterklaas-795x385.jpg	35d9139d-8705-41f0-8caa-38833a0a318a	35d9139d-8705-41f0-8caa-38833a0a318a.jpeg
https://static.dw.com/image/51217207_401.jpg	84ff336c-01f1-4711-8128-9f9a39d97ee0	84ff336c-01f1-4711-8128-9f9a39d97ee0.jpeg
https://static.nieuwsblad.be/Assets/Images_Upload/2019/11/16/6ce6be82-087c-11ea-a5dc-88dd132df140_web_scale_0.3333333_0.3333333__.jpg	ed35349a-c438-4393-b07f-b242f11152b6	ed35349a-c438-4393-b07f-b242f11152b6.jpeg
https://www.jbproductions.nl/images/artiest/new/im_w1200_303_1.jpg	90f17853-9f35-4c31-82f0-a6ad9ee0722a	90f17853-9f35-4c31-82f0-a6ad9ee0722a.jpeg
https://cdn.myonlinestore.eu/9415e454-6be1-11e9-a722-44a8421b9960/image/cache/full/e10b7bc2a93cc1c45d66dff749be20c17043a1d6.jpg	aeadaf05-632d-4d0c-9a06-3c6cf7efd9db	aeadaf05-632d-4d0c-9a06-3c6cf7efd9db.jpeg
https://hips.hearstapps.com/hmg-prod.s3.amazonaws.com/images/sinterklaas-2-1571055177.jpg	8cbecc7f-28cf-40f5-ac0b-9cb3ad4920e4	8cbecc7f-28cf-40f5-ac0b-9cb3ad4920e4.jpeg
https://www.telegramnl.eu/wp-content/uploads/2020/08/a73d523e-d619-4754-a662-485313ad06da_thumb840.jpg	e847e11a-b344-4ff7-bd20-d1a22ac07417	e847e11a-b344-4ff7-bd20-d1a22ac07417.jpeg
https://www.kindersache.de/sites/default/files/styles/teaser/public/1440px-Sinterklaas_arrives_in_the_Netherlands%281%29.jpg?itok=9-GTKZhh	8dd34f49-b5eb-4289-b65b-7bab2a32bb51	8dd34f49-b5eb-4289-b65b-7bab2a32bb51.jpeg
https://www.nederlandfeest.nl/wp-content/uploads/2020/08/Sinterklaas-in-Elburg.jpg	2837f7ea-c8df-4d58-bd18-63b331df421a	2837f7ea-c8df-4d58-bd18-63b331df421a.jpeg
https://images4.persgroep.net/rcs/EBYtK3qJ_w6i2arPeCULfHCiDNU/diocontent/136657541/_fitwidth/694/?appId=21791a8992982cd8da851550a453bd7f&quality=0.8	0a0f6743-d14a-473c-bff4-08ded64bd766	0a0f6743-d14a-473c-bff4-08ded64bd766.jpeg
https://cdn.nos.nl/image/2020/11/09/690531/2048x1152.jpg	4e9c0d15-72f7-4b6c-b2ba-3affa7a26aae	4e9c0d15-72f7-4b6c-b2ba-3affa7a26aae.jpeg
https://www.metronieuws.nl/wp-content/uploads/2020/11/sinterklaasviering-anders-dit-jaar-door-corona.jpg	ffc8bec3-704e-46d6-8514-1ee626810e44	ffc8bec3-704e-46d6-8514-1ee626810e44.jpeg
http://www.hartvannederland.nl/wp-content/uploads/2020/11/anp-401706222.jpg	a486373c-d6bf-4c6d-a0d5-e6dc99960369	a486373c-d6bf-4c6d-a0d5-e6dc99960369.jpeg
https://img.static-rmg.be/a/view/q75/w/h/2052484/48-sinterklaas-jpg.jpg	7aad4497-d728-4887-93d5-467775fd9f26	7aad4497-d728-4887-93d5-467775fd9f26.jpeg
https://storage.pubble.nl/4ee7b3ea/content/2020/10/6fa42bdf-074c-4acb-baa6-eb5d38aa6d91_thumb840.jpg	0f8451b8-3451-4f64-a8cf-91dafba171ca	0f8451b8-3451-4f64-a8cf-91dafba171ca.jpeg
https://www.salzburg24.at/_K6B1409.jpg/475x370/61.747.552	f79044c2-5c7b-4655-ac08-bff0fb73e05c	f79044c2-5c7b-4655-ac08-bff0fb73e05c.jpeg
https://media04.meinbezirk.at/event/2019/10/30/5/466845_L.png?1574698077	0d2a4654-650e-4c94-8b89-408efb27fb21	0d2a4654-650e-4c94-8b89-408efb27fb21.png
https://media04.meinbezirk.at/article/2019/12/01/4/22220664_L.jpg?1575247387	9a0c9721-4614-49fa-91bc-b9c118141a0f	9a0c9721-4614-49fa-91bc-b9c118141a0f.jpeg
https://www.visitklagenfurt.at/media/k2/items/cache/78a38d90a5f5af5857b8e93fa4dd5a84_XL.jpg	86a56a25-4aa6-46df-8b41-6ab5d6ad8235	86a56a25-4aa6-46df-8b41-6ab5d6ad8235.jpeg
https://i.ytimg.com/vi/ygJbNeUBQiY/maxresdefault.jpg	31ba8a45-6b9e-475f-89eb-9ff6928d3a11	31ba8a45-6b9e-475f-89eb-9ff6928d3a11.jpeg
https://api.kaernten.antenne.at/media/static/krampus_3837177_1920-CHvSkbLdZpw73.jpg?size=contentlarge	925fe293-fa05-4f1e-908b-18852ffb2c29	925fe293-fa05-4f1e-908b-18852ffb2c29.jpeg
https://www.blounge.at/wp-content/uploads/2017/11/perchtenlauf-graz.jpg	9f2a05cc-cb88-43a4-9aca-8181e754dd62	9f2a05cc-cb88-43a4-9aca-8181e754dd62.jpeg
https://www.purgstall-erlauf.gv.at/system/web/GetImage.ashx?fileid=1773767&mode=O	cc4881b5-efa0-43c3-80da-936212aea789	cc4881b5-efa0-43c3-80da-936212aea789.jpeg
https://cdn.muenchen-p.de/.imaging/stk/responsive/galleryLarge/dms/va-2018/krampuslauf-2018/krampuslauf-2018-5/document/krampuslauf-2018-5.jpg	8cb8ac3f-4dd9-4aa4-a9f5-ba7ef7f25dcf	8cb8ac3f-4dd9-4aa4-a9f5-ba7ef7f25dcf.jpeg
https://cdn.hallstatt.net/assets/Salzkammergut/Artikel/veranstaltungen/salzkammergut-krampuslauf-2020/_resampled/CroppedFocusedImageWzYwMCw0NTAsIngiLDM2XQ/bad-goisern-salzkammergut-krampuslauf-c-ff-007.jpg	792a38a1-6841-44b3-a018-2f1138b9f6c5	792a38a1-6841-44b3-a018-2f1138b9f6c5.jpeg
https://www.maishofen.com/media/system/animation01/mobile/perchtenlauf-mit-perchtenmaske.jpg	e89b1b59-23dd-4ca1-848e-287913df87ef	e89b1b59-23dd-4ca1-848e-287913df87ef.jpeg
https://cdn.muenchen-p.de/.imaging/stk/responsive/image300/dms/va-2017/krampus-2017/krampus3-2017/document/krampus3-2017.jpg	7969a3f5-e8f1-4f75-b56e-c94b125a85e5	7969a3f5-e8f1-4f75-b56e-c94b125a85e5.jpeg
https://www.dahoam-in-unterhaching.de/media/news/aktuelles/2019/2019_12_18-Perchtenlauf-2019-2020.jpg	a8c099a9-09f5-44fd-a418-3f50f0c86cd7	a8c099a9-09f5-44fd-a418-3f50f0c86cd7.jpeg
https://www.mariazellerland-blog.at/wp-content/uploads/2019/11/Krampuslauf-Mariazell-2019-3035.jpg	35111a92-3fb6-44e9-ac42-7f8c6646169b	35111a92-3fb6-44e9-ac42-7f8c6646169b.jpeg
https://media04.meinbezirk.at/article/2019/10/11/9/21478689_XXL.jpg	076be69d-c224-4b6e-b6f6-c453d3aee14a	076be69d-c224-4b6e-b6f6-c453d3aee14a.jpeg
https://www.mostviertel.at/data/_mostviertel/mediadb/cms_pictures/%7Bd6dcf258-eb5b-c0c5-4863-c349af9c53f2%7D.jpeg	ac40ff1c-0efc-4325-8c2a-aefa1cff213e	ac40ff1c-0efc-4325-8c2a-aefa1cff213e.jpeg
https://www.5min.at/wp-content/uploads/2019/11/Villacher-Krampuslauf-24-von-80-e1575109733369-728x406.jpg	bded2fff-f2ca-4709-aa3f-7f0726e97f4a	bded2fff-f2ca-4709-aa3f-7f0726e97f4a.jpeg
https://ff-muehldorf.at/wordpress/wp-content/uploads/2019/12/01/2019-12-01_5-pesenbacher-perchtenlauf-2.jpg	c117bcaa-8c07-4ec8-9777-dbdb49c45bbe	c117bcaa-8c07-4ec8-9777-dbdb49c45bbe.jpeg
https://i.ytimg.com/vi/Jba4eQCUVIc/maxresdefault.jpg	4f07f561-e633-40cd-908f-29d6a79c4a90	4f07f561-e633-40cd-908f-29d6a79c4a90.jpeg
https://media.kleinezeitung.at/images/uploads_520/5/6/2/5727586/Perchtenlauf-Klagenfurt-November-2019_1574545014856442_v0_h.jpg	2f112b02-b68d-4ab1-8f37-a54c76fd6dc2	2f112b02-b68d-4ab1-8f37-a54c76fd6dc2.jpeg
https://events.gleisdorf.at/esraSoft/webInterface/media/docs/public/images/PER/Perchten1_c_pixabay.jpg	83288ec6-8775-41c0-8069-9bc2da49771e	83288ec6-8775-41c0-8069-9bc2da49771e.jpeg
https://muerzzuschlag.at/images/com_eventbooking/img_2238.jpg	6132aca8-3479-42db-bceb-372197a9b948	6132aca8-3479-42db-bceb-372197a9b948.jpeg
https://images05.noen.at/440_0008_7744586_gre47rf_schwadorfer_hoellenteufel.jpg/1920x1080/174.551.075	aaf2a516-1b4d-4545-9d96-04386e4b3ef4	aaf2a516-1b4d-4545-9d96-04386e4b3ef4.jpeg
https://www.stadt-wien.at/uploads/pics/Goldegger_Perchtenlauf_01.JPG	576eb12c-482c-4ec1-8162-769bd4b8865f	576eb12c-482c-4ec1-8162-769bd4b8865f.jpeg
https://www.tips.at/image/thumb/news/692952/490638/800x800x0/1575358847.3108-perchtenlauf-fuer-die-ganze-familie.jpg	0ac5b97f-e771-4e68-a8c7-3f8a9e9a028a	0ac5b97f-e771-4e68-a8c7-3f8a9e9a028a.jpeg
https://www.graz.net/wp-content/uploads/2019/12/perchtenlauf-graz-2019_1.jpg	0132fff1-d7b0-497a-a75d-b60d84c31890	0132fff1-d7b0-497a-a75d-b60d84c31890.jpeg
https://www.perchten-kirchseeon.de/img/photos/perchtenlauf2019-20.jpg	1282277d-026e-4a44-b17f-5df71784dead	1282277d-026e-4a44-b17f-5df71784dead.jpeg
https://cdn.hallstatt.net/assets/Salzkammergut/Artikel/veranstaltungen/salzkammergut-krampuslauf-2020/salzkammergut-krampuslauf/_resampled/WebsitePictureW10/IMG0939.jpg	9ee08399-e8bf-443e-960c-3ee444966135	9ee08399-e8bf-443e-960c-3ee444966135.jpeg
https://lookaside.fbsbx.com/lookaside/crawler/media/?media_id=2498274746946804	01d6d71d-ae84-47f4-aa08-a93f9062272b	01d6d71d-ae84-47f4-aa08-a93f9062272b
https://woelbling.at/wp-content/uploads/2019/12/2019_PeLau_07.jpg	73a8875c-53d9-4241-a32f-558d16a091ce	73a8875c-53d9-4241-a32f-558d16a091ce.jpeg
https://www.mariazell.at/wp-content/uploads/2019/11/Krampuslauf-Gu%C3%9Fwerk-Foto-Fred-Lindmoser-980x551.jpg	31849d2b-3fb5-455e-ad27-419a222cc831	31849d2b-3fb5-455e-ad27-419a222cc831.jpeg
https://media04.meinbezirk.at/event/2019/11/25/8/491028_L.jpg?1574676219	a5a5a6d9-549e-4006-a140-f15f3873749a	a5a5a6d9-549e-4006-a140-f15f3873749a.jpeg
https://hausfotograf.at/wp-content/uploads/2019/11/perchenlauf-bad-v%C3%B6slaueins-61-1080x675.jpg	0710c19f-cdf4-4010-b6e0-42e97179cd9d	0710c19f-cdf4-4010-b6e0-42e97179cd9d.jpeg
https://www.graz.net/wp-content/uploads/2019/12/perchtenlauf-graz-2019_2.jpg	e3a03f0e-6be7-4222-a073-526b82aa44e2	e3a03f0e-6be7-4222-a073-526b82aa44e2.jpeg
https://www.mostropolis.at/upload/img-gen/area-imggen-cacheid-f76bc940280243e821960f0886e90504.jpg	e377da5c-81c6-43bf-bdde-1592fd0c0bed	e377da5c-81c6-43bf-bdde-1592fd0c0bed.jpeg
https://www.kreisbote.de/bilder/2019/12/05/13273149/929003946-fischereier-perchtenlauf-2019-fotos-bbentele-24-kopie-1Eec.jpg	e79dba60-2561-4d31-ba99-b6456f03218b	e79dba60-2561-4d31-ba99-b6456f03218b.jpeg
https://i.ytimg.com/vi/hS6Yyila2J8/maxresdefault.jpg	9f3e511f-6499-42ab-b893-f9e91d12bb57	9f3e511f-6499-42ab-b893-f9e91d12bb57.jpeg
https://www.tips.at/image/thumb/news/480741/488351/800x800x0/1573717740.7952-krampuslauf-am-braunauer-stadtplatz.jpg	7f385e7d-a381-4c92-ab96-6590f42ace3a	7f385e7d-a381-4c92-ab96-6590f42ace3a.jpeg
https://www.cityflyer.at/wp-content/uploads/2019/11/19-11-23-perchtenlauf-amstetten.jpg	0049bb84-516d-4cbd-a829-80d9ecd9a4af	0049bb84-516d-4cbd-a829-80d9ecd9a4af.jpeg
https://www.thermen-vulkanland.at/events/F%C3%BCrstenfeld/Perchtenlauf/Perchtenlauf%20CChristian%20Thomaser.JPG	6b21dd71-c9d6-4676-bc39-3801466c9c34	6b21dd71-c9d6-4676-bc39-3801466c9c34.jpeg
http://resc.deskline.net/images/AT1/1/59759360-712f-44cb-bd03-ec31dcbf0893/Perchtenlauf.jpg	ef838a74-311c-4155-bf83-1c4ce3befbdc	ef838a74-311c-4155-bf83-1c4ce3befbdc.jpeg
https://cdn.hallstatt.net/assets/Salzkammergut/Artikel/veranstaltungen/salzkammergut-krampuslauf-2020/salzkammergut-krampuslauf/_resampled/WebsitePictureW10/bad-goisern-salzkammergut-krampuslauf-c-ff-002.jpg	8eff77d0-1623-4865-bfb8-b1f7ab80e419	8eff77d0-1623-4865-bfb8-b1f7ab80e419.jpeg
https://www.ff-weinburg.com/wp-content/uploads/2019/11/P1030472.jpg	aeb368d4-a10a-48a1-a496-305cc6dfb236	aeb368d4-a10a-48a1-a496-305cc6dfb236.jpeg
https://www.familiental.com/media/tz_portfolio/article/cache/5565d0fe74281tz_portfolio_1432735998-251-0_L.jpg	d1a966d2-8cd2-4513-9377-ce449298e11c	d1a966d2-8cd2-4513-9377-ce449298e11c.jpeg
https://www.mariazellerland-blog.at/wp-content/uploads/2019/11/Krampuslauf-Halltal-2019-2462.jpg	1383dc44-f240-4ff3-974d-c1dcf58eb60a	1383dc44-f240-4ff3-974d-c1dcf58eb60a.jpeg
https://www.salzburg24.at/http-www-salzburg24-at-2015-11-2015-11-18-11-07-17-salzburger-perchten-in-braunau-am-inn-flachgau-salzburg24-at-png/475x370/49.511.356	db025941-242d-4f7d-91f3-bb27c8265508	db025941-242d-4f7d-91f3-bb27c8265508.jpeg
https://ff-muehldorf.at/wordpress/wp-content/uploads/2019/12/01/2019-12-01_5-pesenbacher-perchtenlauf-7.jpg	20e69b20-8c89-4314-9803-eb9fa0b64d8c	20e69b20-8c89-4314-9803-eb9fa0b64d8c.jpeg
https://woelbling.at/wp-content/uploads/2019/12/2019_PeLau_18.jpg	52732319-6af0-4e2b-9910-4a25180261e2	52732319-6af0-4e2b-9910-4a25180261e2.jpeg
https://media.glamour.com/photos/5695cd49d9dab9ff41b45410/master/pass/fashion-blogs-slaves-to-fashion-2010-01-21-0122kanye-west-fur-coat_fa.jpg	42a1ca2f-56dc-46ac-8119-440b1e4418b4	42a1ca2f-56dc-46ac-8119-440b1e4418b4.jpeg
https://upload.wikimedia.org/wikipedia/commons/e/e8/Sherbrooke%2C_Canada_%28Unsplash_S2sWHoVZF8s%29_%28cut%29.jpg	93c4bb8a-2798-478b-86e8-13de05091286	93c4bb8a-2798-478b-86e8-13de05091286.jpeg
https://assets.vogue.com/photos/5c3e4c518470062d5f41599d/master/w_2560%2Cc_limit/00-story-fur-coat.jpg	a1fd4fb9-a9a9-4878-8c5d-f5a92bf21121	a1fd4fb9-a9a9-4878-8c5d-f5a92bf21121.jpeg
https://assets.vogue.com/photos/5c3e4c5063f8482d552fbf04/4:3/w_3000,h_2250,c_limit/00-promo-fur-coat.jpg	03db04d1-12e2-4438-a683-36c0801ab9a4	03db04d1-12e2-4438-a683-36c0801ab9a4.jpeg
https://i.pinimg.com/originals/38/f7/f7/38f7f70a16663adf2dd7ae2c237964c2.jpg	b435c823-2929-4694-b31f-944d2b371c60	b435c823-2929-4694-b31f-944d2b371c60.jpeg
http://www.johntyman.com/arctic/pics/201.jpg	a7ffa086-45c6-4d91-854a-5141cc9039b7	a7ffa086-45c6-4d91-854a-5141cc9039b7.jpeg
https://media.glamour.com/photos/5696550016d0dc3747efc6e7/master/pass/fashion-blogs-slaves-to-fashion-2010-03-17-0318vintage-fur-coat_fa.jpg	0e78f09f-e3cb-4144-8ebf-a642f09d5eae	0e78f09f-e3cb-4144-8ebf-a642f09d5eae.jpeg
https://previews.123rf.com/images/feedough/feedough1312/feedough131200043/24144848-young-man-dressed-in-winter-clothes-and-warm-fur-hat-is-scared-about-the-cold-of-winter-on-white-bac.jpg	5186461c-defa-443c-8cad-761b3e871a25	5186461c-defa-443c-8cad-761b3e871a25.jpeg
https://i.pinimg.com/originals/2d/0e/04/2d0e04685433acb63e20c9bad14f6e7f.jpg	acc56408-5eae-4bf3-ad53-04758138d4d6	acc56408-5eae-4bf3-ad53-04758138d4d6.jpeg
https://theirturn.net/wp-content/uploads/2015/02/Fur_coat_activists.jpg	c40f7c0d-3853-435c-b625-67ba40d3552b	c40f7c0d-3853-435c-b625-67ba40d3552b.jpeg
https://i1.wp.com/www.truthaboutfur.com/blog/wp-content/uploads/2016/11/RecycledFurs_Before_After_2-1.jpg?resize=650%2C569	f01226a6-75ac-41f9-847f-2cc3946f50c5	f01226a6-75ac-41f9-847f-2cc3946f50c5.jpeg
https://www.gannett-cdn.com/presto/2020/06/29/USAT/11be9622-419f-444d-971a-c0e820bbed4d-ShoppingHero.png?width=660&height=372&fit=crop&format=pjpg&auto=webp	f7c82735-fdcb-48f5-8384-cee989cf8b06	f7c82735-fdcb-48f5-8384-cee989cf8b06.jpeg
https://hips.hearstapps.com/mac.h-cdn.co/assets/cm/14/49/480x400/5485277d533d5_-_mcx-famous-fashion-lyrics-016-de.jpg?resize=480:*	4227104b-7ecc-41cc-9999-520b2c41146d	4227104b-7ecc-41cc-9999-520b2c41146d.jpeg
https://i.pinimg.com/originals/c5/56/b1/c556b1c85fc8d62d9d9f1527dd99bf0f.jpg	0702ca80-f8b1-4c60-9372-964ab9ee8a50	0702ca80-f8b1-4c60-9372-964ab9ee8a50.jpeg
https://theirturn.net/wp-content/uploads/2015/02/fur_nyc1.jpg	b111011a-8d4d-4ded-8a81-a34958a5ce67	b111011a-8d4d-4ded-8a81-a34958a5ce67.jpeg
https://www.apetogentleman.com/wp-content/uploads/2018/10/Winter-Coats.png	a0d3a732-9f3f-47ff-ad37-54b35d85de49	a0d3a732-9f3f-47ff-ad37-54b35d85de49.png
https://ae01.alicdn.com/kf/H447414c5d1d54a6db9fd11a3f93af22aM/100-Real-Sheepskin-Fur-Shearling-Overcoat-for-Male-Long-Slim-Genuine-Leather-Garment-winter-thick-coat.jpg_Q90.jpg_.webp	81e47510-d8d4-4a8c-9f45-e7e8e23fed46	81e47510-d8d4-4a8c-9f45-e7e8e23fed46.jpeg
http://d279m997dpfwgl.cloudfront.net/wp/2019/11/GettyImages-935895480-1000x670.jpg	e0dce33a-5a9c-47c0-945c-2b38fed4d237	e0dce33a-5a9c-47c0-945c-2b38fed4d237.jpeg
https://thumbs.dreamstime.com/b/luxury-fur-clothes-female-fashion-trend-concept-winter-fashionable-wardrobe-female-boutique-selling-fur-luxury-fur-clothes-180371129.jpg	a83ea640-506b-4734-b9ec-1e0e9ac72631	a83ea640-506b-4734-b9ec-1e0e9ac72631.jpeg
https://upload.wikimedia.org/wikipedia/commons/thumb/5/52/Canadian_man_fur_coat_1910.jpeg/170px-Canadian_man_fur_coat_1910.jpeg	784eb3b4-fef8-4afa-ba4c-0d81664b717c	784eb3b4-fef8-4afa-ba4c-0d81664b717c.jpeg
https://image.shutterstock.com/z/stock-photo-a-photo-of-sexual-beautiful-girl-is-in-fur-clothes-160239092.jpg	24417428-40d4-4beb-a5da-397913be636a	24417428-40d4-4beb-a5da-397913be636a.jpeg
https://ae01.alicdn.com/kf/H146ed4858fdc4beea772ae6b532d71acX/Sani-2020-Genuine-Leather-Jacket-Man-s-Sheepskin-Fur-Overcoat-Slim-Thick-Shearling-fur-Coat-Mink.jpg_Q90.jpg_.webp	3c6385f2-4b25-44c1-b7d2-6a7ef6c3ea53	3c6385f2-4b25-44c1-b7d2-6a7ef6c3ea53.jpeg
https://makeitbritish.co.uk/wp-content/uploads/2018/11/Top-40-British-made-coat-brands.png	840af990-32a8-4919-b837-82d06e8bfac4	840af990-32a8-4919-b837-82d06e8bfac4.png
https://media.gettyimages.com/photos/portrait-of-man-in-warm-clothes-outdoors-picture-id1130927604?s=612x612	d410ec05-14bc-4e88-9aa1-49560f5d44e2	d410ec05-14bc-4e88-9aa1-49560f5d44e2.jpeg
https://lookaside.fbsbx.com/lookaside/crawler/media/?media_id=2246925318756086	d2d6dc50-db2f-406a-8bb1-c362fc86e5a5	d2d6dc50-db2f-406a-8bb1-c362fc86e5a5
https://api.time.com/wp-content/uploads/2018/03/big-jacket-fashion-trend-balenciaga-memes.jpg?quality=85&crop=0px%2C35px%2C2405px%2C1259px&resize=1200%2C628&strip	9b6ddc6e-f5f0-4682-9b60-dd907248a9d8	9b6ddc6e-f5f0-4682-9b60-dd907248a9d8.jpeg
https://www.thetrendspotter.net/wp-content/uploads/2018/12/10-Cute-Winter-Outfits-Ideas-for-All-Occasions-.jpg	399541eb-335b-431e-a114-6d9d3617b0cd	399541eb-335b-431e-a114-6d9d3617b0cd.jpeg
https://www.moncler.com/on/demandware.static/-/Library-Sites-MonclerSouthKoreaShared/en_US/dw4b1185bc/w-hp-slider-desk-reframing-the-point@2x.jpg	166491af-16f6-463f-95ad-15cae56d8b3c	166491af-16f6-463f-95ad-15cae56d8b3c.jpeg
https://miro.medium.com/max/3998/1*2Wcyx9WHrCHcaTG6nMTTkA.jpeg	885bf5e3-73b5-49ce-b1c6-6e39e9c55324	885bf5e3-73b5-49ce-b1c6-6e39e9c55324.jpeg
https://c8.alamy.com/comp/PP9EYG/russian-man-in-winter-clothes-and-russian-fur-hat-in-a-pine-forest-PP9EYG.jpg	4621bed2-0f8e-4c7f-8544-047256739628	4621bed2-0f8e-4c7f-8544-047256739628.jpeg
https://img.huffingtonpost.com/asset/5da8c10f200000fe0f50603a.png?ops=scalefit_720_noupscale	aa145e72-274b-49cf-bf73-96b6bb10ef2d	aa145e72-274b-49cf-bf73-96b6bb10ef2d.jpeg
https://wwd.com/wp-content/uploads/2018/04/ad-mk-kors-fall-ad-campaign-f17-1.jpg	8dd681eb-0a8b-4d5c-9cef-3b75220fa442	8dd681eb-0a8b-4d5c-9cef-3b75220fa442.jpeg
https://cdn5.eyeem.com/thumb/94e73e8e96b216e32dbe4a1dd7056413426705bb-1545842005582/w/1300	107a061a-502c-4caa-94c9-5ddae8dfbe15	107a061a-502c-4caa-94c9-5ddae8dfbe15.jpeg
https://media.glamour.com/photos/5695cf0316d0dc3747ee18cb/master/pass/fashion-blogs-slaves-to-fashion-0310-downtown4_fa.jpg	18f8bfe9-6e9f-49b8-b244-20471808fc6f	18f8bfe9-6e9f-49b8-b244-20471808fc6f.jpeg
https://media.istockphoto.com/photos/surprised-senior-man-in-winter-clothes-picture-id661905294	96673e6a-06d8-4dae-a2c6-ef9e558b427c	96673e6a-06d8-4dae-a2c6-ef9e558b427c.jpeg
http://www.johntyman.com/arctic/pics/203.jpg	4040d228-fd43-4263-8ed3-e189bacceadb	4040d228-fd43-4263-8ed3-e189bacceadb.jpeg
https://i.pinimg.com/originals/a1/f6/1f/a1f61f6caa81dd7d13626511370a4fc6.jpg	f0c6ed5b-e7b7-4e39-8dd5-0429df98483e	f0c6ed5b-e7b7-4e39-8dd5-0429df98483e.jpeg
https://i.guim.co.uk/img/static/sys-images/Guardian/Pix/pictures/2015/2/11/1423656903428/A-model-displays-a-creati-009.jpg?width=1200&height=630&quality=85&auto=format&fit=crop&overlay-align=bottom%2Cleft&overlay-width=100p&overlay-base64=L2ltZy9zdGF0aWMvb3ZlcmxheXMvdG8tZGVmYXVsdC5wbmc&s=b8b05d086ee7bb10d060a14778ff9767	995cfa60-907f-4f83-b2e7-980cb437f337	995cfa60-907f-4f83-b2e7-980cb437f337.jpeg
https://bostonglobe-prod.cdn.arcpublishing.com/resizer/agr-wybu3uRnJ1oqXkjQxymyoLE=/1440x0/arc-anglerfish-arc2-prod-bostonglobe.s3.amazonaws.com/public/TFOU7EAQKYI6TEDYCGUFCNKLUI.jpg	a6ad5527-f65e-4cf8-8b95-f20ff51ae692	a6ad5527-f65e-4cf8-8b95-f20ff51ae692.jpeg
https://www.themodestman.com/wp-content/uploads/2014/12/Outerwear-for-short-men.jpg	f240a523-a9ae-4415-a9d3-b1eee799644e	f240a523-a9ae-4415-a9d3-b1eee799644e.jpeg
https://thumbs.dreamstime.com/z/man-traveling-winter-nature-warm-clothes-cold-season-sexy-fashion-green-coat-happy-holidays-flu-frozen-mystical-158453543.jpg	9a23d509-2847-4c45-b470-633f7701493d	9a23d509-2847-4c45-b470-633f7701493d.jpeg
https://wfc.tv/f/images/58tL-WmF1-Photo%20Collage_20191122_140858750.jpg	b9348378-bd85-4653-96fe-9da705028ed3	b9348378-bd85-4653-96fe-9da705028ed3.jpeg
http://cdn.shopify.com/s/files/1/0108/7802/files/Outerwear_for_short_men.jpg?v=1549314294	dc1fc1f7-15c6-4b4a-a315-4c7842081dea	dc1fc1f7-15c6-4b4a-a315-4c7842081dea.jpeg
https://www.pointzero.ca/media/wysiwyg/PZ_HOMEPAGE_EN_1.1597429155.jpg	20186aed-5b7b-4b9a-b799-66d118a1d9a1	20186aed-5b7b-4b9a-b799-66d118a1d9a1.jpeg
https://www.soapstyle.co.uk/blog/wp-content/uploads/2020/11/emma-coronation-street-fur-jacket-where-from-soapstyle-369x246.jpg	3c0dea0f-495f-4b87-8484-783a7e0d45ad	3c0dea0f-495f-4b87-8484-783a7e0d45ad.jpeg
https://freerangestock.com/sample/66329/photo.jpg	b6c59128-2abe-43e2-a679-6e9dcf3c28c6	b6c59128-2abe-43e2-a679-6e9dcf3c28c6.jpeg
https://hips.hearstapps.com/hmg-prod.s3.amazonaws.com/images/faux-fur-coats-1608132587.png?crop=1.00xw:1.00xh;0,0&resize=1200:*	f86f9c42-e940-4732-b36a-2e662c7d9ac3	f86f9c42-e940-4732-b36a-2e662c7d9ac3.png
https://img.rasset.ie/00127a45-614.jpg?ratio=1.5	78b67c83-f938-4f3a-9d0d-17680e1b1cc0	78b67c83-f938-4f3a-9d0d-17680e1b1cc0.jpeg
https://cms.qz.com/wp-content/uploads/2016/10/gettyimages-164759083-cropped.jpg?quality=75&strip=all&w=1200&h=630&crop=1	ce37fe98-450c-439c-a0eb-5328305157d2	ce37fe98-450c-439c-a0eb-5328305157d2.jpeg
https://i1.wp.com/www.bestpracticeinhr.com/wp-content/uploads/2018/05/resumes-like-coats-look-nice-but-tell-you-nothing-about-the-person-who-is-wearing-them.jpg?resize=800%2C445	8d65b629-0664-4386-a5ed-3a9686d9901f	8d65b629-0664-4386-a5ed-3a9686d9901f.jpeg
